Block,Record_ID,Service_or_Agency,Organization,Program_Name,Program_Acronym,Portfolio_or_Mission_Area,Capability_Area,Program_Element_Number,Line_Item,Appropriation_Type,Budget_Activity,Funding_Category,Fiscal_Year,POM_Window,Funding_ThenYear_USD_M,Funding_Base_USD_M,Classification_Level,TRL_or_Maturity,Tier_or_Priority,Sponsor,Executor,Partner_Nations,RDTandE_Phase,Transition_Pathway,IC_or_DoD_Stakeholders,Risk_or_Issue_Flags,Alignment_Notes,Source_Document,Source_Page_or_Table,Source_URL,Analyst_Notes
"Army BA2","ARMY-BA2-0602105A","Army","Department of the Army","Materials Technology","", "Materials / Survivability","Advanced armor, structures, energetics, power, survivability","0602105A","0602105A","RDT&E","BA 2 (Applied Research)","Base RDT&E",2026,"FY24–FY28","","","Unclassified (open-source)","TRL 2–4","Tier 3 – Low","ASA(ALT)","Army Research Lab (ARL) / CCDC","","Applied Research","BA2 materials S&T → BA3 ground vehicle, soldier protection, and weapons ATDs → BA4/BA5 PoRs","Army, OSD(R&E), CCMDs","Funding amounts pending R-1 mapping","Title IV RDT&E; Army core S&T materials line aligned to ground force survivability","DoD R-1 / NDAA / Appropriations","","https://comptroller.defense.gov/Budget-Materials/","Representative Army BA2 materials program for ABM; funding to be filled from FY26 R-1."
"Army BA3","ARMY-BA3-0603007A","Army","Department of the Army","Night Vision Advanced Technology","", "ISR / Soldier Systems / Sensors","Night vision, fused I²/thermal, weapon sights, panoramic goggles","0603007A","0603007A","RDT&E","BA 3 (Advanced Technology Development)","Base RDT&E",2026,"FY24–FY28","","","Unclassified (open-source)","TRL 4–6","Tier 2 – Medium","PEO Soldier / ASA(ALT)","C5ISR NVESD","","Advanced Technology Development","BA2 night vision tech → BA3 night vision ATDs → BA4 ENVG/IVAS PoRs","Army, JS, SOCOM","Integration risk with soldier systems; schedule risk vs fielding timelines","Aligned with soldier lethality and ISR priorities under Title IV RDT&E","DoD R-1 / Appropriations Explanatory Statement","","https://comptroller.defense.gov/Budget-Materials/","Key Army BA3 NVESD program; provides clear BA2→BA3→BA4 path for ABM."
"Navy BA2","NAVY-BA2-0602270N","Navy","Department of the Navy","Naval Electronic Warfare Science & Technology","", "EW / Sensors","Naval EW techniques, RF phenomenology, threat signal characterization","0602270N","0602270N","RDT&E","BA 2 (Applied Research)","Base RDT&E",2026,"FY24–FY28","","","Unclassified (open-source)","TRL 2–4","Tier 2 – Medium","ONR","ONR + NSWC Crane","","Applied Research","BA2 EW S&T → BA3 SEWIP/autonomous EW ATDs → BA4 SEWIP and airborne EW systems","Navy, OSD(R&E), MDA, Joint EW stakeholders","Technology transition risk from lab to fleet; threat evolution risk","Supports naval EW superiority; Title IV RDT&E","Navy R-1 / NDAA","","https://comptroller.defense.gov/Budget-Materials/","Template Navy BA2 EW line; tie to specific 0602270N sub-lines when mapping real data."
"Navy BA3","NAVY-BA3-USV-ATD","Navy","Department of the Navy","Large/Medium Unmanned Surface Vehicle (USV) Advanced Technology","USV ATD","Surface / Autonomy / ISR","USV autonomy, navigation, payload integration, MUM-T","TBD_BA3_NAVY_USV","TBD_BA3_NAVY_USV","RDT&E","BA 3 (Advanced Technology Development)","Base RDT&E",2026,"FY24–FY28","","","Unclassified (open-source)","TRL 4–6","Tier 2 – Medium","PEO USC / ONR","PEO USC + ONR + NSWC Carderock","","Advanced Technology Development","BA2 naval autonomy → BA3 USV ATDs → BA4 USV programs of record (LUSV/MUSV)","Navy, OSD(R&E), Fleet Forces, INDOPACOM","Concept of operations risk; integration with fleet architectures; autonomy certification","Aligned to Distributed Maritime Operations and unmanned campaigns","Navy R-1 / FY NDAA report language on USV","","https://comptroller.defense.gov/Budget-Materials/","Good example of autonomy/maritime ATD bridging to BA4 USV PoRs in ABM."
"Navy BA4","NAVY-BA4-0604771N","Navy","Department of the Navy","Littoral Combat Ship (LCS) Mission Modules System Development","LCS MM","Surface / MCM / ASW","LCS mission modules (SUW, ASW, MCM) sensors and weapons","0604771N","0604771N","RDT&E","BA 4 (Advanced Component Development & Prototypes)","Base RDT&E",2026,"FY24–FY28","","","Unclassified (open-source)","TRL 6–8","Tier 2 – Medium","PEO USC","PEO USC / NSWC Panama City / NSWC Dahlgren","","System Development & Demonstration","BA3 USV/MCM ATDs → BA4 LCS mission modules → BA7 surface warfare/mine warfare modernization","Navy, OSD, Joint MCM stakeholders","Integration with host platforms; LCS force structure uncertainty","Supports littoral operations, MCM, and small surface combatant concepts","Navy R-1 / Appropriations Explanatory Statement","","https://comptroller.defense.gov/Budget-Materials/","Representative BA4 integration program for ABM; end-state connection to BA7 surface modernization."
"Navy BA6","NAVY-BA6-HQ-MGMT","Navy","Department of the Navy","RDT&E Management Support – Navy HQ","", "RDT&E Infrastructure / Enabler","RDT&E portfolio governance, planning, financial oversight","TBD_BA6_NAVY_HQ","TBD_BA6_NAVY_HQ","RDT&E","BA 6 (RDT&E Management Support)","Base RDT&E",2026,"FY24–FY28","","","Unclassified (open-source)","N/A (infrastructure)","Tier 3 – Low","OPNAV / ASN(RDA)","OPNAV N9 / ASN(RDA) staffs","","Management Support","Enables execution of Navy BA2–BA7 programs; no direct TRL path","Navy, OSD(C), OSD(R&E)","Process or infrastructure risk; can slow testing and development if under-resourced","Core management enabler for Navy RDT&E; Title IV RDT&E","Navy R-1 BA6 lines / NDAA","","https://comptroller.defense.gov/Budget-Materials/","Non-TRL program; influences ABM gate probabilities and cycle times."
"Navy BA6","NAVY-BA6-WARFARE-CTR","Navy","Department of the Navy","Warfare Centers RDT&E Infrastructure & Operations","", "RDT&E Infrastructure / Enabler","Operation, maintenance, modernization of warfare center labs & test facilities","TBD_BA6_NAVY_WFC","TBD_BA6_NAVY_WFC","RDT&E","BA 6 (RDT&E Management Support)","Base RDT&E",2026,"FY24–FY28","","","Unclassified (open-source)","N/A (infrastructure)","Tier 3 – Low","OPNAV / ASN(RDA)","NSWC / NUWC / NAWCAD / NAWCWD / NIWC","","Management Support","Enables execution of Navy BA2–BA7 programs; no direct TRL path","Navy, OSD(C), OSD(R&E)","Process or infrastructure risk; can slow testing and development if under-resourced","Warfare center infrastructure underpinning all naval RDT&E","Navy R-1 BA6 lines / NDAA","","https://comptroller.defense.gov/Budget-Materials/","Non-TRL program; affects T&E and development throughput in ABM."
"Navy BA6","NAVY-BA6-RANGES","Navy","Department of the Navy","Test & Evaluation Ranges Management & Support","", "RDT&E Infrastructure / Enabler","Operation and sustainment of Navy T&E ranges for air, surface, and undersea tests","TBD_BA6_NAVY_RANGES","TBD_BA6_NAVY_RANGES","RDT&E","BA 6 (RDT&E Management Support)","Base RDT&E",2026,"FY24–FY28","","","Unclassified (open-source)","N/A (infrastructure)","Tier 3 – Low","OPNAV / ASN(RDA)","NAVAIR ranges, NSWC/NUWC ranges","","Management Support","Enables execution of Navy BA2–BA7 programs; no direct TRL path","Navy, OSD(C), OSD(R&E)","Range capacity and availability can delay test campaigns","Critical infrastructure for at-sea and flight T&E","Navy R-1 BA6 lines / NDAA","","https://comptroller.defense.gov/Budget-Materials/","T&E bottlenecks modeled as schedule constraints in ABM."
"Navy BA6","NAVY-BA6-MS-DE","Navy","Department of the Navy","Modeling, Simulation & Digital Engineering Support","", "RDT&E Infrastructure / Enabler","Enterprise-level M&S and digital twin environments for multiple RDT&E programs","TBD_BA6_NAVY_MS","TBD_BA6_NAVY_MS","RDT&E","BA 6 (RDT&E Management Support)","Base RDT&E",2026,"FY24–FY28","","","Unclassified (open-source)","N/A (infrastructure)","Tier 3 – Low","OPNAV / ASN(RDA)","Warfare centers + NIWC M&S teams","","Management Support","Enables execution of Navy BA2–BA7 programs; no direct TRL path","Navy, OSD(C), OSD(R&E)","Digital tool or model gaps can increase risk and cycle time","Supports digital engineering and virtual test across portfolios","Navy R-1 BA6 lines / NDAA","","https://comptroller.defense.gov/Budget-Materials/","Factor in ABM for digital maturity and reduced rework."
"Navy BA6","NAVY-BA6-IT","Navy","Department of the Navy","RDT&E Information Systems & Classified Networks","", "RDT&E Infrastructure / Enabler","IT systems, networks, and data environments used by RDT&E organizations","TBD_BA6_NAVY_IT","TBD_BA6_NAVY_IT","RDT&E","BA 6 (RDT&E Management Support)","Base RDT&E",2026,"FY24–FY28","","","Unclassified (open-source)","N/A (infrastructure)","Tier 3 – Low","OPNAV / ASN(RDA)","NIWC + local N6/IT shops","","Management Support","Enables execution of Navy BA2–BA7 programs; no direct TRL path","Navy, OSD(C), OSD(R&E)","Network outages or cyber risks can disrupt RDT&E timelines","Core IT and networks supporting labs and ranges","Navy R-1 BA6 lines / NDAA","","https://comptroller.defense.gov/Budget-Materials/","Can be modeled as resilience factor affecting multiple programs."
"Navy BA6","NAVY-BA6-INST","Navy","Department of the Navy","Test Instrumentation Maintenance & Calibration","", "RDT&E Infrastructure / Enabler","Sustainment and calibration of test instrumentation for Navy RDT&E","TBD_BA6_NAVY_INST","TBD_BA6_NAVY_INST","RDT&E","BA 6 (RDT&E Management Support)","Base RDT&E",2026,"FY24–FY28","","","Unclassified (open-source)","N/A (infrastructure)","Tier 3 – Low","OPNAV / ASN(RDA)","NSWC/NUWC/NAWC instrumentation teams","","Management Support","Enables execution of Navy BA2–BA7 programs; no direct TRL path","Navy, OSD(C), OSD(R&E)","Calibration backlogs can delay testing and data quality","Enables accurate data for verification and validation","Navy R-1 BA6 lines / NDAA","","https://comptroller.defense.gov/Budget-Materials/","Influences test quality and schedule in ABM."
"Navy BA6","NAVY-BA6-WORKFORCE","Navy","Department of the Navy","RDT&E Workforce Development & Training","", "RDT&E Infrastructure / Enabler","Education, training, and upskilling for the Navy’s RDT&E workforce","TBD_BA6_NAVY_WORKFORCE","TBD_BA6_NAVY_WORKFORCE","RDT&E","BA 6 (RDT&E Management Support)","Base RDT&E",2026,"FY24–FY28","","","Unclassified (open-source)","N/A (infrastructure)","Tier 3 – Low","OPNAV / ASN(RDA)","ONR + warfare center HR/training offices","","Management Support","Enables execution of Navy BA2–BA7 programs; no direct TRL path","Navy, OSD(C), OSD(R&E)","Workforce gaps or skill shortages can increase schedule and risk","Supports talent pipeline and retention for technical competence","Navy R-1 BA6 lines / NDAA","","https://comptroller.defense.gov/Budget-Materials/","Modeled as productivity factor on ABM execution."
"Navy BA6","NAVY-BA6-ENV","Navy","Department of the Navy","RDT&E Environmental, Safety & Compliance Support","", "RDT&E Infrastructure / Enabler","Environmental permitting, safety oversight, NEPA compliance for RDT&E","TBD_BA6_NAVY_ENV","TBD_BA6_NAVY_ENV","RDT&E","BA 6 (RDT&E Management Support)","Base RDT&E",2026,"FY24–FY28","","","Unclassified (open-source)","N/A (infrastructure)","Tier 3 – Low","OPNAV / ASN(RDA)","NAVFAC / CNIC / range environmental offices","","Management Support","Enables execution of Navy BA2–BA7 programs; no direct TRL path","Navy, OSD(C), OSD(R&E)","Environmental or safety issues can pause testing","Enables compliant and safe execution of RDT&E","Navy R-1 BA6 lines / NDAA","","https://comptroller.defense.gov/Budget-Materials/","Modeled as occasional disruptions or additional lead time in ABM."
"Navy BA7","NAVY-BA7-AEGIS-MOD","Navy","Department of the Navy","AEGIS Combat System Modernization (Baseline Upgrade Series)","AEGIS MOD","C4ISR / BMD / EW","Combat system modernization, sensor fusion, threat libraries","TBD_BA7_NAVY_AEGIS","TBD_BA7_NAVY_AEGIS","RDT&E","BA 7 (Operational Systems Development)","Base RDT&E",2026,"FY24–FY28","","","Unclassified (program existence)","TRL 8–9","Tier 2 – Medium","PEO IWS","PEO IWS / NSWC Dahlgren","","Operational Systems Development","BA4/BA5 combat system builds → BA7 AEGIS modernization → Fleet deployment","Navy, MDA, USSTRATCOM, CCMDs","Complexity of fleet roll-out; cyber/EW threat evolution","Supports IAMD, BMD, and distributed fire control; high strategic priority","Navy R-1 BA7 surface combatant modernization lines","","https://comptroller.defense.gov/Budget-Materials/","Key BA7 end-state node in ABM; connects sensor, weapons, and C2 portfolios."
"Navy BA7","NAVY-BA7-SSDS","Navy","Department of the Navy","Ship Self-Defense System (SSDS) Incremental Upgrades","SSDS MOD","EW / C4ISR / Force Protection","SSDS threat libraries, sensors, fire-control integration","TBD_BA7_NAVY_SSDS","TBD_BA7_NAVY_SSDS","RDT&E","BA 7 (Operational Systems Development)","Base RDT&E",2026,"FY24–FY28","","","Unclassified (program existence)","TRL 8–9","Tier 2 – Medium","PEO IWS","NSWC Dahlgren / Port Hueneme","","Operational Systems Development","BA4 sensor/weapon ATDs → BA7 SSDS modernization","Navy, carrier/amphibious readiness stakeholders","Pace of threat evolution vs SSDS update cycle","Critical to CVN/LHA/LHD survivability against modern threats","Navy R-1 BA7 SSDS lines","","https://comptroller.defense.gov/Budget-Materials/","Model as key force-protection modernization node in ABM."
"Navy BA7","NAVY-BA7-UW-SYS","Navy","Department of the Navy","Undersea Warfare System Modernization (Sonar/Combat Control/Torpedo Mods)","UW MOD","Undersea ISR / ASW / Strike","Submarine combat control and sonar upgrades, torpedo software","TBD_BA7_NAVY_UW","TBD_BA7_NAVY_UW","RDT&E","BA 7 (Operational Systems Development)","Base RDT&E",2026,"FY24–FY28","","","Unclassified (program existence)","TRL 8–9","Tier 2 – Medium","PEO SUB","NUWC Newport / Keyport","","Operational Systems Development","BA4 undersea ATDs → BA7 submarine & torpedo modernization","Navy, USSTRATCOM, CCMDs","Complexity of integrating new capabilities into nuclear and SSN fleets","Supports undersea dominance and survivability of strategic assets","Navy R-1 BA7 undersea lines","","https://comptroller.defense.gov/Budget-Materials/","Major undersea node linking sensors, weapons, and C2 in ABM."
"Navy BA7","NAVY-BA7-SURF-MOD","Navy","Department of the Navy","Surface Warfare Modernization (Radar/EW/ASW/Gun/FC)","SURFACE MOD","EW / Radar / ASW / C4I","Radar increments, EW upgrades, ASW improvements for surface combatants","TBD_BA7_NAVY_SURF","TBD_BA7_NAVY_SURF","RDT&E","BA 7 (Operational Systems Development)","Base RDT&E",2026,"FY24–FY28","","","Unclassified (program existence)","TRL 8–9","Tier 2 – Medium","PEO IWS / PEO USC","NSWC Dahlgren / NSWC Crane / PEO IWS","","Operational Systems Development","BA4 radar/EW/ASW ATDs → BA7 surface combatant modernization","Navy, CCMDs","Budget and shipyard availability constraints affecting modernization pace","Improves lethality/survivability of destroyer/frigate fleets","Navy R-1 BA7 surface warfare lines","","https://comptroller.defense.gov/Budget-Materials/","Surface warfare modernization hub in ABM."
"Navy BA7","NAVY-BA7-AV-OFP","Navy","Department of the Navy","Naval Aviation OFP & Mission System Modernization","AV OFP","ISR / EW / Aviation","OFP updates, mission system refreshes, sensor integrations for Navy aircraft","TBD_BA7_NAVY_AV","TBD_BA7_NAVY_AV","RDT&E","BA 7 (Operational Systems Development)","Base RDT&E",2026,"FY24–FY28","","","Unclassified (program existence)","TRL 8–9","Tier 2 – Medium","NAVAIR","NAWCAD / NAWCWD","","Operational Systems Development","BA4 avionics ATDs → BA7 aviation OFP & mission system modernization","Navy, Marine Corps, joint aviation stakeholders","Mission system complexity; software backlog risk","Maintains relevance of naval aviation platforms with new sensors/weapons","Navy R-1 BA7 aviation lines","","https://comptroller.defense.gov/Budget-Materials/","Key aviation modernization node for ABM."
"Navy BA7","NAVY-BA7-EW-MOD","Navy","Department of the Navy","Navy EW Modernization (SEWIP, Airborne EW Suites)","EW MOD","EW / SIGINT","Ship-based and airborne EW modernization including threat libraries","TBD_BA7_NAVY_EW","TBD_BA7_NAVY_EW","RDT&E","BA 7 (Operational Systems Development)","Base RDT&E",2026,"FY24–FY28","","","Unclassified (program existence)","TRL 8–9","Tier 2 – Medium","PEO IWS / NAVAIR","NSWC Crane / NAWCWD Pt Mugu","","Operational Systems Development","BA4 EW ATDs → BA7 fleet EW modernization","Navy, Joint EW community","Rapid threat evolution; integration across platforms and networks","Core to maintaining EW advantage at sea and in the air","Navy R-1 BA7 EW lines","","https://comptroller.defense.gov/Budget-Materials/","EW modernization super-node in ABM."
"Navy BA7","NAVY-BA7-MCM-MOD","Navy","Department of the Navy","Mine Warfare & MCM Modernization (Surface/UUV/Aviation)","MCM MOD","MCM / Undersea ISR","Mine-hunting sensors, USV/UUV mission packages, aviation MCM payloads","TBD_BA7_NAVY_MCM","TBD_BA7_NAVY_MCM","RDT&E","BA 7 (Operational Systems Development)","Base RDT&E",2026,"FY24–FY28","","","Unclassified (program existence)","TRL 8–9","Tier 2 – Medium","PEO USC / PEO MCM","NSWC Panama City","","Operational Systems Development","BA4 MCM ATDs → BA7 MCM modernization","Navy, joint mine warfare stakeholders","Environmental and operational complexity in chokepoints","Supports fleet access and sea control in mined waters","Navy R-1 BA7 MCM lines","","https://comptroller.defense.gov/Budget-Materials/","MCM modernization node affecting maritime freedom of movement in ABM."
"Navy BA7","NAVY-BA7-NET-MOD","Navy","Department of the Navy","Tactical Data Links & Fleet Network Modernization","NET MOD","C4ISR / Cyber","Link-16, TTNT, SATCOM gateways, encryption, tactical networks","TBD_BA7_NAVY_NET","TBD_BA7_NAVY_NET","RDT&E","BA 7 (Operational Systems Development)","Base RDT&E",2026,"FY24–FY28","","","Unclassified (program existence)","TRL 8–9","Tier 2 – Medium","PEO C4I / PEO IWS","NIWC Pacific / NIWC Atlantic","","Operational Systems Development","BA4 comms/network ATDs → BA7 fleet network modernization","Navy, JRTC, joint C2 stakeholders","Cybersecurity and interoperability risk across platforms","Critical enabler of JADC2 and naval C2 resilience","Navy R-1 BA7 C4I lines","","https://comptroller.defense.gov/Budget-Materials/","Networks/C2 modernization pivot point in ABM."
"Navy BA7","NAVY-BA7-LOG-DIG","Navy","Department of the Navy","Naval Logistics & Maintenance Digital Modernization","LOG MOD","Logistics / Sustainment","Digital modernization for shipyard systems, supply chain, predictive sustainment","TBD_BA7_NAVY_LOG","TBD_BA7_NAVY_LOG","RDT&E","BA 7 (Operational Systems Development)","Base RDT&E",2026,"FY24–FY28","","","Unclassified (program existence)","TRL 8–9","Tier 2 – Medium","NAVSEA / NAVSUP","NAVSEA logistics branches + NAVSUP","","Operational Systems Development","BA4 logistics ATDs → BA7 logistics digital modernization","Navy, shipyards, sustainment stakeholders","Change management risk in logistics processes","Improves readiness, sustainment efficiency, and cost outcomes","Navy R-1 BA7 logistics lines","","https://comptroller.defense.gov/Budget-Materials/","Sustainment and readiness node in ABM."
"Navy BA7","NAVY-BA7-ENV-SAFETY","Navy","Department of the Navy","Environmental, Safety & Range Safety Modernization Programs","ENV SAFETY","Environmental Intel / Range Ops","Environmental compliance systems, range safety tools, hazard assessments","TBD_BA7_NAVY_ENV","TBD_BA7_NAVY_ENV","RDT&E","BA 7 (Operational Systems Development)","Base RDT&E",2026,"FY24–FY28","","","Unclassified (program existence)","TRL 8–9","Tier 2 – Medium","NAVFAC / CNIC","NAVFAC / CNIC","","Operational Systems Development","BA4 environmental/safety RDT&E → BA7 safety modernization","Navy, regulators, communities near ranges","Regulatory and public perception risk; can constrain test operations","Ensures safe and compliant support to fleet testing/training","Navy R-1 BA7 safety/environment lines","","https://comptroller.defense.gov/Budget-Materials/","Modeled as constraint/enabler on range-heavy programs in ABM."
"USAF BA2","USAF-BA2-0602202F","Air Force","Department of the Air Force","Aerospace Materials & Structures Applied Research","", "Materials / Air / Space","Advanced aerospace composites, high-temp materials, fatigue, coatings","0602202F","0602202F","RDT&E","BA 2 (Applied Research)","Base RDT&E",2026,"FY24–FY28","","","Unclassified (open-source)","TRL 2–4","Tier 3 – Low","AFRL","AFRL/RX","","Applied Research","BA2 materials S&T → BA3 airframe/engine ATDs → BA4 platform engineering","Air Force, USSF, OSD(R&E)","Material qualification and cost risks","Supports air/space platform survivability and performance; Title IV RDT&E","Air Force R-1","","https://comptroller.defense.gov/Budget-Materials/","Core AFRL S&T line feeding multiple air and space programs in ABM."
"USAF BA2","USAF-BA2-0602203F","Air Force","Department of the Air Force","Aerospace Propulsion & Power Applied Research","", "Propulsion / Hypersonics","Turbine engine tech, hypersonic propulsion fundamentals, power/thermal management","0602203F","0602203F","RDT&E","BA 2 (Applied Research)","Base RDT&E",2026,"FY24–FY28","","","Unclassified (open-source)","TRL 2–4","Tier 2 – Medium","AFRL","AFRL/RQ","","Applied Research","BA2 propulsion S&T → BA3 propulsion ATDs → BA4 engine integration","Air Force, OSD(R&E)","High technical risk in hypersonic regimes","Key S&T enabler for hypersonics and advanced aircraft","Air Force R-1","","https://comptroller.defense.gov/Budget-Materials/","Strong coupling with hypersonics and engine PoRs in ABM."
"USAF BA2","USAF-BA2-0602204F","Air Force","Department of the Air Force","Sensors, EO/IR & Radar Applied Research","", "ISR / Sensors / SIGINT","EO/IR sensors, radar techniques, RF apertures, SIGINT sensors, multispectral detection","0602204F","0602204F","RDT&E","BA 2 (Applied Research)","Base RDT&E",2026,"FY24–FY28","","","Unclassified (open-source)","TRL 2–4","Tier 2 – Medium","AFRL","AFRL/RY","","Applied Research","BA2 sensor S&T → BA3 sensing ATDs → BA4 sensor integration","Air Force, USSF, joint ISR stakeholders","Sensor complexity, SWaP and cost constraints","Foundational to ISR, targeting, and SDA programs","Air Force R-1","","https://comptroller.defense.gov/Budget-Materials/","Multiple downstream consumers in ABM (ISR, weapons, platforms)."
"USAF BA2","USAF-BA2-0602206F","Air Force","Department of the Air Force","Autonomy & Human-Machine Teaming Applied Research","", "Autonomy / AI/ML / ISR","Autonomous behaviors, human-machine teaming, cooperative control","0602206F","0602206F","RDT&E","BA 2 (Applied Research)","Base RDT&E",2026,"FY24–FY28","","","Unclassified (open-source)","TRL 2–4","Tier 2 – Medium","AFRL","AFRL Autonomy Core","","Applied Research","BA2 autonomy S&T → BA3 autonomy ATDs → BA4 system integration","Air Force, USSF, OSD(R&E)","Trust, certification, and CONOPS risk","Supports uncrewed systems, CCA, and autonomy adoption","Air Force R-1","","https://comptroller.defense.gov/Budget-Materials/","Important behavioral driver for autonomous agents in ABM."
"USAF BA2","USAF-BA2-0602210F","Air Force","Department of the Air Force","Space Science & Space Sensor Applied Research","", "Space / ISR / SDA","SDA, orbital sensing, space-environment science, resilience of spacecraft systems","0602210F","0602210F","RDT&E","BA 2 (Applied Research)","Base RDT&E",2026,"FY24–FY28","","","Unclassified (open-source)","TRL 2–4","Tier 2 – Medium","AFRL","AFRL/RV","","Applied Research","BA2 space S&T → BA3 space ATDs → BA4 space system development","USSF, Air Force, OSD(R&E)","Space environment uncertainty and on-orbit validation","Supports resilient space architectures and SDA missions","Air Force R-1","","https://comptroller.defense.gov/Budget-Materials/","Key space S&T line connecting to USSF portfolios in ABM."
"USAF BA2","USAF-BA2-0602270F","Air Force","Department of the Air Force","Electronic Warfare & Electronic Protection Applied Research","", "EW / Cyber / SIGINT","RF techniques, EP, adaptive jamming, threat signal characterization","0602270F","0602270F","RDT&E","BA 2 (Applied Research)","Base RDT&E",2026,"FY24–FY28","","","Unclassified (open-source)","TRL 2–4","Tier 2 – Medium","AFRL","AFRL/RYEW","","Applied Research","BA2 EW S&T → BA3 EW ATDs → BA4 EW system integration","Air Force, joint EW stakeholders","Threat evolution and spectrum management risks","Core S&T for air/space EW and EM spectrum ops","Air Force R-1","","https://comptroller.defense.gov/Budget-Materials/","Feeds multiple EW modernizations and SEAD/DEAD capabilities in ABM."
"USAF BA2","USAF-BA2-0602205F","Air Force","Department of the Air Force","Airframe Technology Applied Research","", "Air / LO / Materials","Airframe structures, stealth shaping, control surfaces, low-observable coatings","0602205F","0602205F","RDT&E","BA 2 (Applied Research)","Base RDT&E",2026,"FY24–FY28","","","Unclassified (open-source)","TRL 2–4","Tier 2 – Medium","AFRL","AFRL/RQ + AFRL/RX","","Applied Research","BA2 airframe S&T → BA3 configuration ATDs → BA4 aircraft development","Air Force, OSD(R&E)","Cost and manufacturability risks","Supports new airframe design and upgrades to legacy fleets","Air Force R-1","","https://comptroller.defense.gov/Budget-Materials/","Airframe fundamentals node impacting many future aircraft in ABM."
"USAF BA2","USAF-BA2-0602271F","Air Force","Department of the Air Force","Energy & Thermal Management Applied Research","", "Energy / Propulsion","Fuel efficiency, thermal management, power systems for high-demand platforms","0602271F","0602271F","RDT&E","BA 2 (Applied Research)","Base RDT&E",2026,"FY24–FY28","","","Unclassified (open-source)","TRL 2–4","Tier 2 – Medium","AFRL","AFRL/RQT","","Applied Research","BA2 energy S&T → BA3 power/thermal ATDs → BA4 platform integration","Air Force, OSD(R&E)","Thermal constraints on high-power systems (DE, sensors, comms)","Enabler for advanced sensors, DE, and high-power payloads","Air Force R-1","","https://comptroller.defense.gov/Budget-Materials/","Cross-cutting constraint/enabler for many platforms in ABM."
"USAF BA2","USAF-BA2-0602280F","Air Force","Department of the Air Force","Cyber Science & Secure Computing Applied Research","", "Cyber / C4ISR","Secure computing, cyber defense, resilient comms, intrusion detection","0602280F","0602280F","RDT&E","BA 2 (Applied Research)","Base RDT&E",2026,"FY24–FY28","","","Unclassified (open-source)","TRL 2–4","Tier 2 – Medium","AFRL","AFRL/RI","","Applied Research","BA2 cyber S&T → BA3 cyber ATDs → BA4 defensive cyber tools","Air Force, joint cyber stakeholders","Adversary adaptation; complexity of securing legacy systems","Foundational to cyber resilience of C4ISR and weapon systems","Air Force R-1","","https://comptroller.defense.gov/Budget-Materials/","Cyber resilience driver for many ABM nodes."
"USAF BA2","USAF-BA2-0602300F","Air Force","Department of the Air Force","Human Performance & Training Science Applied Research","", "Human Systems / Training","Cognitive performance, training optimization, human factors, LVC foundations","0602300F","0602300F","RDT&E","BA 2 (Applied Research)","Base RDT&E",2026,"FY24–FY28","","","Unclassified (open-source)","TRL 2–4","Tier 2 – Medium","AFRL","711 HPW","","Applied Research","BA2 human systems S&T → BA3 training/HP ATDs → BA4 training system integration","Air Force, USSF, joint training stakeholders","Adoption and behavior change risks","Supports better crew performance, reduced mishaps, improved training","Air Force R-1","","https://comptroller.defense.gov/Budget-Materials/","Human-systems node affecting mission effectiveness in ABM."
"USAF BA2","USAF-BA2-0602211F","Air Force","Department of the Air Force","Space Weather & Space Environment Applied Research","", "Space / Environmental Intel","Space weather, ionospheric disturbances, radiation effects, orbital drag","0602211F","0602211F","RDT&E","BA 2 (Applied Research)","Base RDT&E",2026,"FY24–FY28","","","Unclassified (open-source)","TRL 2–4","Tier 2 – Medium","AFRL","AFRL/RVB","","Applied Research","BA2 space environment S&T → BA3 models/tools → BA4 space system design inputs","USSF, Air Force, OSD(R&E)","Uncertainty in environment modeling; validation limits","Improves resilience and performance of space systems and SDA","Air Force R-1","","https://comptroller.defense.gov/Budget-Materials/","Environmental factor for space assets in ABM."
"USAF BA2","USAF-BA2-0602221F","Air Force","Department of the Air Force","Advanced RF Systems & Waveform Science Applied Research","", "RF / ISR / EW","RF apertures, cognitive RF, distributed sensing, spectrum sharing","0602221F","0602221F","RDT&E","BA 2 (Applied Research)","Base RDT&E",2026,"FY24–FY28","","","Unclassified (open-source)","TRL 2–4","Tier 2 – Medium","AFRL","AFRL/RY","","Applied Research","BA2 RF S&T → BA3 RF ATDs → BA4 RF system integration","Air Force, USSF, joint RF stakeholders","Spectrum congestion and interference risks","Supports sensing, comms, and EW modernization","Air Force R-1","","https://comptroller.defense.gov/Budget-Materials/","RF node linking multiple portfolios in ABM."
"USAF BA2","USAF-BA2-0602269F","Air Force","Department of the Air Force","Directed Energy Applied Research (HEL/HPM/Beam Control)","DE AR","DE / Energy / EW","HEL materials, beam control, HPM sources, optical components","0602269F","0602269F","RDT&E","BA 2 (Applied Research)","Base RDT&E",2026,"FY24–FY28","","","Unclassified (program existence; technical details may be classified)","TRL 2–4","Tier 2 – Medium","AFRL","AFRL/RD","","Applied Research","BA2 DE science → BA3 DE demonstrators → BA4 DE prototype integration (airborne & ground)","Air Force, Army RCCTO, MDA, OSD(R&E)","Technical risk in power, thermal, engagement conditions","Aligned with DE modernization priorities in NDAA/OSD(R&E) roadmaps","Air Force R-1 / DE roadmaps","","https://comptroller.defense.gov/Budget-Materials/","Important S&T path feeding joint DE demonstrators in ABM."
"USAF BA2","USAF-BA2-0602265F","Air Force","Department of the Air Force","Hypersonic Science & Aerothermodynamics Applied Research","", "Hypersonics / Materials","Hypersonic aerodynamics, materials, aero heating, boundary layer control","0602265F","0602265F","RDT&E","BA 2 (Applied Research)","Base RDT&E",2026,"FY24–FY28","","","Unclassified (open-source)","TRL 2–4","Tier 2 – Medium","AFRL","AFRL/RQ","","Applied Research","BA2 hypersonic science → BA3 hypersonic ATDs → BA4 weapon platform developments","Air Force, OSD(R&E), joint hypersonics","High technical risk; flight-test limitations","Foundation for hypersonic weapon and aircraft programs","Air Force R-1","","https://comptroller.defense.gov/Budget-Materials/","High-impact S&T for long-range strike nodes in ABM."
"USAF BA2","USAF-BA2-0602268F","Air Force","Department of the Air Force","Logistics & Sustainment Applied Research","", "Logistics / Sustainment","Predictive maintenance, supply chain analytics, AM for sustainment","0602268F","0602268F","RDT&E","BA 2 (Applied Research)","Base RDT&E",2026,"FY24–FY28","","","Unclassified (open-source)","TRL 2–4","Tier 3 – Low","AFRL","AFRL + AFLCMC","","Applied Research","BA2 logistics S&T → BA3 sustainment ATDs → BA4/BA7 logistics modernization","Air Force, joint sustainment stakeholders","Data quality and adoption risks","Improves readiness, availability, and cost for multiple fleets","Air Force R-1","","https://comptroller.defense.gov/Budget-Materials/","Sustainment-side node affecting operational availability in ABM."
"USAF BA2","USAF-BA2-0602282F","Air Force","Department of the Air Force","Battlespace Weather & Atmospheric Effects Applied Research","", "Environmental Intel / ISR","Atmospheric sensing, weather modeling, effects on ISR/comms/DE","0602282F","0602282F","RDT&E","BA 2 (Applied Research)","Base RDT&E",2026,"FY24–FY28","","","Unclassified (open-source)","TRL 2–4","Tier 2 – Medium","AFRL","AFRL/RVB + 557th Weather Wing","","Applied Research","BA2 battlespace weather S&T → BA3 tools → BA4 integration into planning and systems","Air Force, joint weather stakeholders","Forecast uncertainty; model fidelity limits","Improves mission planning and system performance across portfolios","Air Force R-1","","https://comptroller.defense.gov/Budget-Materials/","Environmental multipliers for multiple ABM nodes."
"USAF BA2","USAF-BA2-0602302F","Air Force","Department of the Air Force","Computational Modeling, Simulation & Virtual Test Applied Research","", "M&S / Digital Engineering","Computational modeling, digital verification, virtual prototyping","0602302F","0602302F","RDT&E","BA 2 (Applied Research)","Base RDT&E",2026,"FY24–FY28","","","Unclassified (open-source)","TRL 2–4","Tier 2 – Medium","AFRL","AFRL M&S Divisions","","Applied Research","BA2 M&S S&T → BA3 M&S ATDs → BA4 digital test integration","Air Force, USSF, OSD(R&E)","Model validation and integration risk","Enables digital engineering and reduced physical test burden","Air Force R-1","","https://comptroller.defense.gov/Budget-Materials/","Driver for digital maturity parameters in ABM."
"USAF BA2","USAF-BA2-0602305F","Air Force","Department of the Air Force","Aerospace Medicine & Biodefense Applied Research","", "Biomed / Human Systems","Aeromedical, biodefense, physiological stress, toxins/stressors","0602305F","0602305F","RDT&E","BA 2 (Applied Research)","Base RDT&E",2026,"FY24–FY28","","","Unclassified (open-source)","TRL 2–4","Tier 3 – Low","AFRL","711 HPW","","Applied Research","BA2 aerospace medicine S&T → BA3 biomedical ATDs → BA4 health system integration","Air Force, joint health stakeholders","Biological uncertainty; limited operational data","Supports crew safety, resilience, and biodefense readiness","Air Force R-1","","https://comptroller.defense.gov/Budget-Materials/","Health and resilience modifier in ABM."
"USAF BA2","USAF-BA2-0602310F","Air Force","Department of the Air Force","Nuclear Enterprise Applied Research (Security/Surety/Hardening)","", "Nuclear / Security","Nuclear enterprise surety, hardening, comms resilience","0602310F","0602310F","RDT&E","BA 2 (Applied Research)","Base RDT&E",2026,"FY24–FY28","","","Unclassified (program existence; some details classified)","TRL 2–4","Tier 1 – High","AFRL","AFNWC + AFRL","","Applied Research","BA2 nuclear S&T → BA3 surety/hardening ATDs → BA4 enterprise modernization","Air Force, USSTRATCOM","Very high consequence risk; hardening complexity","Supports nuclear deterrent credibility and enterprise resilience","Air Force R-1 / nuclear enterprise docs","","https://comptroller.defense.gov/Budget-Materials/","High-priority nuclear node in ABM."
"USAF BA2","USAF-BA2-0602315F","Air Force","Department of the Air Force","Multi-Domain Sensing & Fusion Applied Research","", "ISR / Fusion / AI-ML","Cross-domain sensing, all-domain ISR indicators, fusion pre-processors","0602315F","0602315F","RDT&E","BA 2 (Applied Research)","Base RDT&E",2026,"FY24–FY28","","","Unclassified (open-source)","TRL 2–4","Tier 2 – Medium","AFRL","AFRL/RY","","Applied Research","BA2 fusion S&T → BA3 fusion ATDs → BA4 ISR PED integration","Air Force, USSF, joint ISR stakeholders","Data volume and heterogeneity challenges","Supports ABMS/JADC2 and multi-INT ISR modernization","Air Force R-1","","https://comptroller.defense.gov/Budget-Materials/","Fusion S&T node driving ISR processing behaviors in ABM."
"USAF BA2","USAF-BA2-0602320F","Air Force","Department of the Air Force","Assured PNT, Navigation & Timing Applied Research","", "ISR / PNT / C4ISR","GPS-denied navigation, alt-PNT, inertial sensors, collaborative PNT","0602320F","0602320F","RDT&E","BA 2 (Applied Research)","Base RDT&E",2026,"FY24–FY28","","","Unclassified (open-source)","TRL 2–4","Tier 2 – Medium","AFRL","AFRL/RY + AFRL/RI","","Applied Research","BA2 PNT S&T → BA3 A-PNT ATDs → BA4 platform navigation/timing systems","Air Force, USSF, joint PNT stakeholders","Adversary jamming/spoofing; sensor limitations","Core enabler for resilient PNT across domains","Air Force R-1","","https://comptroller.defense.gov/Budget-Materials/","Critical infrastructure-like S&T node in ABM."
"USAF BA2","USAF-BA2-0602325F","Air Force","Department of the Air Force","Advanced Communications & Networking Science Applied Research","", "C4ISR / Networks","Resilient routing, MANETs, multi-path transport, comms protocols","0602325F","0602325F","RDT&E","BA 2 (Applied Research)","Base RDT&E",2026,"FY24–FY28","","","Unclassified (open-source)","TRL 2–4","Tier 2 – Medium","AFRL","AFRL/RI","","Applied Research","BA2 comms/network S&T → BA3 networking ATDs → BA4 tactical/strategic networking","Air Force, joint C4ISR stakeholders","Contention with legacy systems and spectrum constraints","Supports JADC2 and resilient comms architectures","Air Force R-1","","https://comptroller.defense.gov/Budget-Materials/","Networking S&T node supporting C2 agents in ABM."
"USAF BA2","USAF-BA2-0602330F","Air Force","Department of the Air Force","Spacecraft Structures, Propulsion & Attitude Control Applied Research","", "Space / Propulsion / ISR","Spacecraft structures, in-space propulsion, attitude control","0602330F","0602330F","RDT&E","BA 2 (Applied Research)","Base RDT&E",2026,"FY24–FY28","","","Unclassified (open-source)","TRL 2–4","Tier 2 – Medium","AFRL","AFRL/RV","","Applied Research","BA2 spacecraft S&T → BA3 space bus ATDs → BA4 space system integration","USSF, Air Force","Challenge of replicating on-orbit conditions in test","Enables maneuverable, resilient space architectures","Air Force R-1","","https://comptroller.defense.gov/Budget-Materials/","Space platform S&T node in ABM."
"USAF BA2","USAF-BA2-0602335F","Air Force","Department of the Air Force","Radiation Hardening & Electronics Survivability Applied Research","", "Nuclear / Space / C4ISR","Rad-hard electronics, EMP resilience, survivable architectures","0602335F","0602335F","RDT&E","BA 2 (Applied Research)","Base RDT&E",2026,"FY24–FY28","","","Unclassified (open-source)","TRL 2–4","Tier 2 – Medium","AFRL","AFRL/RY + AFRL/RV","","Applied Research","BA2 rad-hard S&T → BA3 survivability ATDs → BA4 hardened system designs","Air Force, USSF, NC3 stakeholders","Radiation effects validation and cost","Supports survivable C3I, NC3, and space systems","Air Force R-1","","https://comptroller.defense.gov/Budget-Materials/","Survivability S&T node with cross-domain impact in ABM."
"USAF BA2","USAF-BA2-0602340F","Air Force","Department of the Air Force","Defensive Cyber Autonomy & Adversary Emulation Applied Research","", "Cyber / AI-ML / C4ISR","Autonomous cyber defense, automated hunt, adversary emulation","0602340F","0602340F","RDT&E","BA 2 (Applied Research)","Base RDT&E",2026,"FY24–FY28","","","Unclassified (open-source)","TRL 2–4","Tier 2 – Medium","AFRL","AFRL/RI","","Applied Research","BA2 defensive cyber autonomy S&T → BA3 cyber ATDs → BA4 defensive tools","Air Force, joint cyber stakeholders","Trust in autonomy, integration with human operators","Supports more agile and resilient cyber defense","Air Force R-1","","https://comptroller.defense.gov/Budget-Materials/","Key cyber-defense innovation S&T node in ABM."
"USAF BA2","USAF-BA2-0602345F","Air Force","Department of the Air Force","Software Engineering & Resilient Architectures Applied Research","", "C4ISR / Software / Cyber","Software verification, formal methods, modular architectures","0602345F","0602345F","RDT&E","BA 2 (Applied Research)","Base RDT&E",2026,"FY24–FY28","","","Unclassified (open-source)","TRL 2–4","Tier 2 – Medium","AFRL","AFRL/RI","","Applied Research","BA2 software S&T → BA3 digital engineering ATDs → BA4 platform software baselines","Air Force, USSF, OSD(R&E)","Complexity and adoption of advanced methods","Improves software quality, resilience, and upgradeability","Air Force R-1","","https://comptroller.defense.gov/Budget-Materials/","Software discipline factor across many ABM programs."
"USAF BA2","USAF-BA2-0602350F","Air Force","Department of the Air Force","Advanced Manufacturing & Sustainment Materials Applied Research","", "Materials / Manufacturing / Logistics","Additive manufacturing, advanced joining, repair techniques","0602350F","0602350F","RDT&E","BA 2 (Applied Research)","Base RDT&E",2026,"FY24–FY28","","","Unclassified (open-source)","TRL 2–4","Tier 2 – Medium","AFRL","AFRL/RX","","Applied Research","BA2 AM S&T → BA3 manufacturing ATDs → BA4 depot/field repair solutions","Air Force, joint sustainment stakeholders","Certification of AM parts and processes","Supports more agile, distributed sustainment and repair","Air Force R-1","","https://comptroller.defense.gov/Budget-Materials/","Manufacturing/logistics S&T node impacting sustainment in ABM."
"USAF BA2","USAF-BA2-0602355F","Air Force","Department of the Air Force","C2 Science, Decision Support & Battle Management Applied Research","", "C4ISR / Battle Management / AI","Decision science, JADC2 concepts, decision aids","0602355F","0602355F","RDT&E","BA 2 (Applied Research)","Base RDT&E",2026,"FY24–FY28","","","Unclassified (open-source)","TRL 2–4","Tier 2 – Medium","AFRL","AFRL/RI + C2 labs","","Applied Research","BA2 C2 science → BA3 C2/JADC2 ATDs → BA4 battle management systems","Air Force, joint C2 stakeholders","Operator trust; complex multi-domain integration","Underpins ABMS/JADC2 decision advantage","Air Force R-1","","https://comptroller.defense.gov/Budget-Materials/","Decision-science S&T node shaping C2 behavior in ABM."
"USAF BA2","USAF-BA2-0602360F","Air Force","Department of the Air Force","ISR Processing, Exploitation & Analysis Science Applied Research","", "ISR / AI-ML / Fusion","PED, multi-INT analytics, analyst automation","0602360F","0602360F","RDT&E","BA 2 (Applied Research)","Base RDT&E",2026,"FY24–FY28","","","Unclassified (open-source)","TRL 2–4","Tier 2 – Medium","AFRL","AFRL/RY + AFRL/RI","","Applied Research","BA2 ISR PED S&T → BA3 ISR PED ATDs → BA4 DCGS/ISR system improvements","Air Force, joint ISR stakeholders","Data overload; integration of automation with analysts","Improves ISR throughput and timeliness","Air Force R-1","","https://comptroller.defense.gov/Budget-Materials/","ISR PED S&T node for analytic productivity in ABM."
"USAF BA2","USAF-BA2-0602365F","Air Force","Department of the Air Force","Installation Resilience, Energy & Infrastructure Applied Research","", "Installation Resilience / Environmental Intel","Base energy resilience, microgrids, physical security sensing","0602365F","0602365F","RDT&E","BA 2 (Applied Research)","Base RDT&E",2026,"FY24–FY28","","","Unclassified (open-source)","TRL 2–4","Tier 2 – Medium","AFCEC / AFRL","AFCEC + AFRL","","Applied Research","BA2 installation resilience S&T → BA3 resilience ATDs → BA4 base modernization","Air Force, joint installation stakeholders","Infrastructure and climate-related risks","Supports readiness by improving base resilience and security","Air Force R-1","","https://comptroller.defense.gov/Budget-Materials/","Installation resilience node that can modulate operational availability in ABM."
"SOCOM BA3","SOCOM-BA3-SOF-UAS","SOCOM","U.S. Special Operations Command","SOF ISR & Strike UAS Advanced Technology","", "ISR / Strike / Autonomy","SOF-focused UAS with ISR, low-signature strike, contested comms","TBD_SOCOM_BA3_UAS","TBD_SOCOM_BA3_UAS","RDT&E (MFP-11)","BA 3 (Advanced Technology Development)","Base RDT&E",2026,"FY24–FY28","","","Unclassified (program existence)","TRL 4–6","Tier 2 – Medium","USSOCOM SOF AT&L","USSOCOM PEO Fixed Wing / PEO SOF Warrior","","Advanced Technology Development","BA2 SOF ISR/autonomy S&T → BA3 SOF UAS ATD → BA4/BA5 SOF ISR & strike platforms","SOCOM, services, IC ISR partners","Austere basing constraints; vendor base fragmentation","Supports SOF ISR/strike in high-risk environments; MFP-11 structures","USSOCOM budget justification / NDAA SOF sections","","https://comptroller.defense.gov/Budget-Materials/","Key SOF-specific ATD node; interacts with service ISR/UAS programs in ABM."
"SOCOM BA4","SOCOM-BA4-SOF-NEXTGEN-ISR","SOCOM","U.S. Special Operations Command","Next-Generation SOF ISR System Development","", "ISR / C4ISR / Data Fusion","SOF-tailored ISR suites, sensors, PED tools, data fusion","TBD_SOCOM_BA4_NEXTGEN_ISR","TBD_SOCOM_BA4_NEXTGEN_ISR","RDT&E (MFP-11)","BA 4 (Advanced Component Development & Prototypes)","Base RDT&E",2026,"FY24–FY28","","","Unclassified (program existence)","TRL 6–8","Tier 1 – High","USSOCOM SOF AT&L","USSOCOM SOF AT&L + integration contractors","","System Development & Demonstration","BA3 SOF ISR ATDs → BA4 Next-Gen SOF ISR System → BA7 SOF ISR modernization","SOCOM, services, IC ISR stakeholders","Data integration complexity; multi-security-domain challenges","High-priority SOF ISR modernization line; aligns with counterterrorism and great-power competition missions","USSOCOM budget materials / NDAA","","https://comptroller.defense.gov/Budget-Materials/","Provides a SOF-specific BA4 node feeding into ABM adoption behaviors."
"OUSD(R&E) BA3","OSDRE-BA3-TRUSTED-AI","OSD","Office of the Secretary of Defense","Trusted AI & Autonomy Advanced Technology","", "AI / Autonomy / C4ISR","Trusted AI, human-machine teaming, V&V for AI systems","TBD_OSDRE_BA3_TRUSTED_AI","TBD_OSDRE_BA3_TRUSTED_AI","RDT&E","BA 3 (Advanced Technology Development)","Base RDT&E",2026,"FY24–FY28","","","Unclassified (program existence)","TRL 4–6","Tier 1 – High","OUSD(R&E)","OUSD(R&E) with FFRDCs and service labs","","Advanced Technology Development","BA2 AI science (service labs) → BA3 OUSD(R&E) Trusted AI ATDs → BA4 service-specific system integration","OSD, services, IC analytic elements","Policy and assurance risk; lack of standards","High alignment with DoD AI ethical principles and NDAA AI provisions","DoD budget justification / AI strategy documents","","https://comptroller.defense.gov/Budget-Materials/","Cross-cutting portfolio node in ABM; couples multiple service programs via AI adoption."
"DTRA BA3","DTRA-BA3-CWMD-TECH","Defense Agency","Defense Threat Reduction Agency","Counter-WMD Technologies Advanced Technology","CWMD ATD","CBRN / CWMD / ISR","Detection, interdiction, defeat, consequence management of WMD threats","TBD_DTRA_BA3_CWMD","TBD_DTRA_BA3_CWMD","RDT&E","BA 3 (Advanced Technology Development)","Base RDT&E",2026,"FY24–FY28","","","Unclassified (program existence)","TRL 4–6","Tier 1 – High","DTRA RD-CB / RD-NT","DTRA R&D directorates","","Advanced Technology Development","BA2 CBRN S&T → BA3 CWMD ATDs → BA4/BA5 integration with service CBRN PoRs","DTRA, services, DHS, IC CBRN stakeholders","High technical and operational risk; reliance on specialized test ranges","Strong alignment with CWMD strategic guidance and NDAA CWMD provisions","DTRA budget materials / NDAA","","https://comptroller.defense.gov/Budget-Materials/","Joint node feeding multiple service CBRN portfolios in ABM."
"MDA BA4","MDA-BA4-NGI","Defense Agency","Missile Defense Agency","Next Generation Interceptor (NGI) System Development","NGI","BMD / Missiles / Sensors","Next-gen interceptor propulsion, kill vehicle, guidance, BMDS integration","TBD_MDA_BA4_NGI","TBD_MDA_BA4_NGI","RDT&E","BA 4 (Advanced Component Development & Prototypes)","Base RDT&E",2026,"FY24–FY28","","","Unclassified (program existence)","TRL 6–8","Tier 1 – High","MDA","MDA with prime integrators","","System Development & Demonstration","BA3 BMD ATDs (sensors, discrimination, kill vehicle tech) → BA4 NGI → BA5/BA7 deployed BMDS increments","MDA, Army, USSF, USSTRATCOM","Cost and schedule risk; technical risk in discrimination and reliability","Very high strategic priority for homeland missile defense; repeatedly highlighted in NDAA","MDA budget materials / NDAA missile defense sections","","https://comptroller.defense.gov/Budget-Materials/","High-impact BA4 node in ABM; useful for major-shock scenarios and cross-portfolio coupling."

