Program_ID,Mapped_PE_Number,Program_Name,Agency,Service_Component,Sub_Agency,Budget_Activity,Mission_Focus,Intel_Discipline,Authority_Alignment,FY24_Actual_$K,FY25_Enacted_$K,FY26_Request_$K,Period_of_Performance,Size_of_Team,Lab_Unit_Or_Contractor,Organic_Capabilities,Outsourced_Capabilities,Current_Status,Network_Centrality_Score,Transition_Risk_Index,Tech_Maturity_Level,Mission_Criticality_Score,Cross_Domain_Dependency_Count,Supply_Chain_Risk_Level,Innovation_Leverage_Factor,Sourcing_Status,Notes
0602702E,0602702E,DARPA Electronic Sciences,DoD,DARPA,MTO,BA2,Microelectronics,NA,Title10,120000,130000,140000,FY24-FY26,25,DARPA MTO,"Concept design; program management","Foundry services; advanced packaging",Research,4,2,3,5,3,Medium,5,R1_VERIFIED,"Foundational microelectronics research; low transition risk but high leverage."
0603766E,0603766E,DARPA Network-Centric Warfare Tech,DoD,DARPA,STO,BA3,C2_JADC2,ISR,Title10,180000,210000,230000,FY24-FY26,30,DARPA STO,"System architecture; experimentation","Large-scale integration test support",Prototype,4,3,5,5,4,Medium,4,R1_VERIFIED,"Prototype-heavy; moderate transition risk."
OUSD_MOD_001,,OUSD(R&E) Joint Autonomy Portfolio,DoD,OUSD(R&E),Autonomy Directorate,BA3,Autonomy_UxS,ISR,Title10,90000,100000,115000,FY24-FY26,20,OUSD(R&E) Portfolio Office,"Portfolio mgmt; experimentation design","Service labs; OEM integration",Prototype,5,3,5,5,4,Medium,5,ESTIMATE_ONLY_R1_PENDING,"Cross-service autonomy enabler; good candidate for ABM central node."
OUSD_SCI_001,,OUSD(R&E) Basic Science Initiative,DoD,OUSD(R&E),Basic Research,BA2,Foundational_Science,NA,Title10,60000,65000,70000,FY24-FY26,18,University & Lab Consortia,"S&T roadmap; basic experimentation","Academic execution",Research,3,2,2,3,1,Low,3,ESTIMATE_ONLY_R1_PENDING,"Low TRL; low short-term transition but feeds multiple lines."
0603892C,0603892C,Aegis BMD RDT&E,DoD,MDA,AEGIS,BA4,Strike,ISR,Title10,500000,520000,540000,FY24-FY26,110,MDA Aegis PEO,"Systems engineering; BMD integration","Shipyard mods; missile production",Development,5,3,6,5,4,High,4,R1_VERIFIED,"High mission criticality; moderate transition friction due to integration complexity."
0603888C,0603888C,Ground-Based Midcourse Defense,DoD,MDA,GMD,BA5,Missile_Defense,ISR,Title10,750000,780000,800000,FY24-FY26,130,MDA GMD,"Systems integration; test planning","Interceptor production; range ops",Development,5,4,6,5,4,High,5,R1_VERIFIED,"Very high transition risk & cost; anchor for stress-testing ABM."
MDA_HYP_001,,Hypersonic Defense Sensor Net,DoD,MDA,Hypersonic Defense,BA3,Sensors,ISR,Title10,150000,165000,185000,FY24-FY26,45,MDA Sensors,"Concept of ops; sensor fusion","Space & ground sensor vendors",Prototype,4,4,4,5,3,Medium,4,ESTIMATE_ONLY_R1_PENDING,"Medium TRL; watch behavior under budget cuts."
ARMY_BA2_001,0601102A,Army Materials Basic Research,DoD,Army,Combat Capabilities Dev Cmd,BA2,Foundational_Science,NA,Title10,80000,82000,84000,FY24-FY26,35,Army Research Lab,"Materials science; modeling","Specialized test labs",Research,3,2,2,4,1,Low,3,R1_VERIFIED,"Good low-TRL Army example."
ARMY_BA3_001,0603003A,Armored Vehicle Survivability Tech,DoD,Army,GVSC,BA3,Land_Warfare,ISR,Title10,130000,140000,150000,FY24-FY26,40,GVSC,"Vehicle concepts; test planning","Armor vendors; prototyping shops",Prototype,4,3,4,5,3,Medium,4,R1_VERIFIED,"Medium TRL, moderate transition risk."
ARMY_BA4_001,0604200A,Integrated Air & Missile Defense Dev,DoD,Army,PEO Missiles & Space,BA4,Air_Dominance,ISR,Title10,320000,340000,360000,FY24-FY26,85,PEO M&S,"System integration; test mgmt","Prime integrators",Development,5,3,6,5,4,Medium,4,R1_VERIFIED,"Strong candidate for RDT&E→O&M transition modeling."
ARMY_BA5_001,0605013A,Army Tactical Network Fielding Prep,DoD,Army,PEO C3T,BA5,C2_JADC2,ISR,Title10,220000,235000,245000,FY24-FY26,60,PEO C3T,"Test & evaluation; fielding planning","Deployment support contracts",Development,5,2,7,5,4,Medium,4,ESTIMATE_ONLY_R1_PENDING,"Near-transition line; low technical risk, higher institutional risk."
NAVY_BA2_001,0601152N,Naval S&T – Ocean Systems,DoD,Navy,ONR,BA2,Maritime_Warfare,NA,Title10,70000,72000,74000,FY24-FY26,28,ONR,"Basic research program mgmt","Academic ocean labs",Research,3,2,2,3,1,Low,3,R1_VERIFIED,"Low-TRL maritime R&D."
NAVY_BA3_001,0603564N,Unmanned Surface & Undersea Systems,DoD,Navy,NavalX / PEO USC,BA3,Autonomy_UxS,ISR,Title10,160000,175000,190000,FY24-FY26,50,PEO USC,"Vehicle concepts; autonomy integration","Shipyards; autonomy vendors",Prototype,4,3,4,5,3,Medium,4,R1_VERIFIED,"Rich UxS transition case."
NAVY_BA4_001,0604755N,Next-Gen Naval EW Systems,DoD,Navy,PEO IWS,BA4,EW,SIGINT,Title10,210000,230000,250000,FY24-FY26,65,PEO IWS,"EW design; integration","RF hardware manufacturing",Development,5,3,6,5,4,Medium,5,ESTIMATE_ONLY_R1_PENDING,"EW system with complex supply chain."
NAVY_BA6_001,0605863N,Naval Test Range Modernization,DoD,Navy,Test & Evaluation,BA6,Test_Ranges,NA,Title10,90000,95000,100000,FY24-FY26,30,Navy Test Centers,"Range ops; instrumentation","Construction; instrumentation vendors",Ongoing,3,2,7,4,2,Medium,3,ESTIMATE_ONLY_R1_PENDING,"Enabler for many transitions."
AF_BA2_001,0602201F,AF Aerospace Vehicle Tech,DoD,Air Force,AFRL,BA2,Air_Dominance,NA,Title10,95000,98000,102000,FY24-FY26,32,AFRL,"Aero research; modeling","Special test facilities",Research,3,2,3,4,1,Low,3,R1_VERIFIED,"Air-focused basic/applied example."
AF_BA3_001,0603211F,Autonomous Collaborative Platforms,DoD,Air Force,AFLCMC,BA3,Autonomy_UxS,ISR,Title10,170000,190000,210000,FY24-FY26,48,AFLCMC / AFRL,"Concepts; autonomy algorithms","Airframe primes",Prototype,4,3,4,5,3,Medium,4,R1_VERIFIED,"Good ABM case for autonomy transition."
AF_BA4_001,0604759F,Advanced Airborne Sensors,DoD,Air Force,PEO ISR & SOF,BA4,Sensors,ISR,Title10,260000,280000,295000,FY24-FY26,70,PEO ISR,"Sensor integration; flight test","Sensor vendors; aircraft mods",Development,5,3,6,5,3,Medium,4,ESTIMATE_ONLY_R1_PENDING,"Strong ISR transition candidate."
AF_BA5_001,0605018F,Tactical Data Link Modernization,DoD,Air Force,PEO C3I,BA5,C2_JADC2,ISR,Title10,185000,200000,210000,FY24-FY26,55,PEO C3I,"Integration; fielding support","Enterprise IT services",Development,5,2,7,5,4,Medium,4,ESTIMATE_ONLY_R1_PENDING,"Near-O&M transition with institutional friction."
SOCOM_BA3_001,MFP11_301,SOF Precision Strike Enablers,DoD,SOCOM,SOF AT&L,BA3,Strike,ISR,MFP11,60000,65000,70000,FY24-FY26,22,SOCOM AT&L,"Concept dev; SOF integration","Platform vendors",Prototype,4,3,4,5,3,Medium,4,ESTIMATE_ONLY_R1_PENDING,"Peculiar funding; watch MFP-11 behavior."
SOCOM_BA4_001,MFP11_401,SOF ISR System Integration,DoD,SOCOM,SOF AT&L,BA4,ISR,MultiINT,MFP11,90000,95000,100000,FY24-FY26,30,SOCOM AT&L,"ISR system design; integration","Prime integrators",Development,5,3,5,5,4,Medium,4,ESTIMATE_ONLY_R1_PENDING,"Joint-IC/DoD boundary behavior."
SOCOM_BA5_001,MFP11_501,SOF Comms & Network Fielding,DoD,SOCOM,SOF AT&L,BA5,C2_JADC2,ISR,MFP11,75000,80000,83000,FY24-FY26,26,SOCOM AT&L,"Fielding support; training","Deployment support contracts",Development,5,2,7,5,4,Medium,4,ESTIMATE_ONLY_R1_PENDING,"Late-stage transition with high mission need."
DTRA_BA2_001,DTRA_201,CWMD Basic Science,DoD,DTRA,Research Directorate,BA2,CBRNE,CBRNE,Title10;Title50,50000,52000,54000,FY24-FY26,20,DTRA Labs,"Threat modeling; agent science","Academic partners",Research,4,2,2,4,2,Medium,3,ESTIMATE_ONLY_R1_PENDING,"Dual Title 10/50; good hybrid authority example."
DTRA_BA3_001,DTRA_301,CWMD Sensing & Defeat Prototypes,DoD,DTRA,Systems Directorate,BA3,Sensors,CBRNE,Title10;Title50,80000,90000,95000,FY24-FY26,28,DTRA Engineering,"System design; CBRNE expertise","Hardware builds",Prototype,4,3,4,5,3,Medium,4,ESTIMATE_ONLY_R1_PENDING,"Medium TRL; nontrivial transition due to niche mission."
CBDP_BA3_001,CBDP_301,CB Defense Diagnostics,DoD,CBDP,Diagnostics Directorate,BA3,Biotechnology,CBRNE,Title10;Title50,70000,76000,80000,FY24-FY26,24,CBDP Labs,"Assay dev; test design","Kit manufacturing",Prototype,4,3,4,5,3,Medium,4,ESTIMATE_ONLY_R1_PENDING,"Med/CBRNE intersection; interesting for ABM."
CBDP_BA4_001,CBDP_401,CB Detection Systems Dev,DoD,CBDP,Systems Directorate,BA4,Sensors,CBRNE,Title10;Title50,110000,120000,130000,FY24-FY26,28,CBDP Systems,"System integration; field testing","Production & sustainment",Development,5,3,5,5,3,Medium,4,ESTIMATE_ONLY_R1_PENDING,"Representative BA4 CB defense line."
DHA_BA2_001,DHA_201,Combat Casualty Care Research,DoD,DHA,Research Directorate,BA2,Medical,Medical,Title10,55000,58000,62000,FY24-FY26,22,DHA Labs,"Clinical research design","Academic medical centers",Research,3,2,3,5,2,Medium,3,ESTIMATE_ONLY_R1_PENDING,"Health-focused RDT&E; longer transition tail."
DHA_BA4_001,DHA_401,Field Medical Systems Dev,DoD,DHA,Medical Systems Directorate,BA4,Medical,Medical,Title10,90000,97000,103000,FY24-FY26,30,DHA Systems,"Med system design; trials","Device OEMs",Development,4,3,5,5,3,Medium,4,ESTIMATE_ONLY_R1_PENDING,"Good case for RDT&E→O&M under FDA/regulatory constraints."
DIU_BA3_001,DIU_301,DIU Commercial AI for Logistics,DoD,DIU,AI & Logistics,BA3,AI_ML,NA,Title10,45000,50000,55000,FY24-FY26,12,DIU Specialist Teams,"Tech scouting; vendor engagement","Cloud infra; integration partners",Prototype,3,3,4,4,2,Medium,4,ESTIMATE_ONLY_R1_PENDING,"DIU-style fast prototyping; tests how commercial integration behaves."
MIP_SENS_001,MIP_701,Defense ISR Sensor Fusion R&D,DoD,Defense Intel,MIP Office,BA3,ISR,MultiINT,MIP,85000,90000,95000,FY24-FY26,27,Defense Intel R&D Center,"Algorithm dev; fusion arch","Cloud/IT integrators",Prototype,4,3,4,5,3,Medium,4,ESTIMATE_ONLY_R1_PENDING,"MIP-tagged ISR line; good for NIP/MIP interplay modeling."
ARMY_BA3_002,0603005A,Army Counter-UAS Technologies,DoD,Army,RCCTO,BA3,Air_Dominance,ISR,Title10,145000,160000,170000,FY24-FY26,42,RCCTO,"Rapid prototyping; test planning","UAS vendors",Prototype,4,3,4,5,3,Medium,4,ESTIMATE_ONLY_R1_PENDING,"Army RCCTO mid-stage prototypes."
ARMY_BA4_002,0604270A,Long Range Precision Fires,DoD,Army,PEO Missiles & Space,BA4,Strike,ISR,Title10,310000,335000,350000,FY24-FY26,78,PEO M&S,"System integration","Prime contractors",Development,5,4,6,5,4,Medium,5,ESTIMATE_ONLY_R1_PENDING,"High mission priority; good transition test case."
ARMY_BA5_002,0605019A,Tactical EW System Integration,DoD,Army,PEO IEW&S,BA5,EW,SIGINT,Title10,220000,235000,250000,FY24-FY26,55,PEO IEW&S,"EW integration; S/W engineering","EW hardware production",Development,5,3,7,5,4,Medium,4,ESTIMATE_ONLY_R1_PENDING,"EW as complex transition environment."
ARMY_BA6_001,0605803A,Test Range Instrumentation,DoD,Army,ATEC,BA6,Test_Ranges,NA,Title10,95000,98000,102000,FY24-FY26,33,ATEC,"Range ops; instrumentation","Construction; vendors",Ongoing,3,2,7,4,2,Medium,3,ESTIMATE_ONLY_R1_PENDING,"Army ranges support multiple transitions."
NAVY_BA2_002,0601153N,Naval Advanced Energetics Research,DoD,Navy,ONR,BA2,Foundational_Science,NA,Title10,50000,52000,54000,FY24-FY26,22,ONR,"Energetics research","Chem labs",Research,3,2,2,3,1,Low,3,R1_VERIFIED,"Low TRL energetics line."
NAVY_BA3_002,0603502N,Naval Anti-Submarine Warfare Sensors,DoD,Navy,PEO IWS,BA3,Sensors,ISR,Title10,180000,195000,205000,FY24-FY26,50,PEO IWS,"Sensor dev; algorithm dev","Sensor manufacturers",Prototype,4,3,4,5,3,Medium,4,R1_VERIFIED,"ASW sensors; strong Navy modeling case."
NAVY_BA4_002,0604271N,Carrier Air Wing Modernization,DoD,Navy,NAVAIR,BA4,Air_Dominance,ISR,Title10,300000,320000,335000,FY24-FY26,75,NAVAIR,"Aircraft integration","Prime integrators",Development,5,3,6,5,4,Medium,5,ESTIMATE_ONLY_R1_PENDING,"Complex multi-platform transition."
NAVY_BA5_001,0605016N,Surface Ship Combat System Upgrades,DoD,Navy,PEO IWS,BA5,C2_JADC2,ISR,Title10,250000,265000,280000,FY24-FY26,60,PEO IWS,"Integration; test","Shipyard modifications",Development,5,2,7,5,4,Medium,4,ESTIMATE_ONLY_R1_PENDING,"Navy late-stage transition case."
AF_BA2_002,0602202F,AF Hypersonic Flight Sciences,DoD,Air Force,AFRL,BA2,Air_Dominance,NA,Title10,90000,100000,110000,FY24-FY26,30,AFRL,"Hypersonic research","Special test facilities",Research,3,2,3,4,1,Low,3,R1_VERIFIED,"Hypersonics as high risk, high leverage."
AF_BA3_002,0603210F,AF Alternative Navigation Systems,DoD,Air Force,AFRL,BA3,Sensors,ISR,Title10,130000,140000,150000,FY24-FY26,38,AFRL,"Alt-nav sensors","Manufacturing vendors",Prototype,4,3,4,5,2,Medium,4,R1_VERIFIED,"GPS-denied navigation work."
AF_BA4_002,0604800F,AF EW Systems Dev,DoD,Air Force,AFLCMC,BA4,EW,SIGINT,Title10,230000,245000,260000,FY24-FY26,65,AFLCMC,"EW integration","Prime contractors",Development,5,3,6,5,3,Medium,5,ESTIMATE_ONLY_R1_PENDING,"EW transition into platforms."
AF_BA5_002,0605017F,JTAC Training & Simulation Systems,DoD,Air Force,AETC,BA5,Training,ISR,Title10,85000,90000,96000,FY24-FY26,40,AETC,"Training systems","Simulation integrators",Development,4,2,7,4,2,Medium,3,ESTIMATE_ONLY_R1_PENDING,"Training system transitions."
SOCOM_BA3_002,MFP11_302,SOF Portable ISR Kits,DoD,SOCOM,SOF AT&L,BA3,ISR,MultiINT,MFP11,70000,75000,80000,FY24-FY26,18,SOCOM AT&L,"Kit design","OEM kit production",Prototype,4,3,4,5,2,Medium,4,ESTIMATE_ONLY_R1_PENDING,"SOF autonomy & ISR kit line."
SOCOM_BA4_002,MFP11_402,SOF Maritime Undersea Mods,DoD,SOCOM,SOF AT&L,BA4,Maritime_Warfare,ISR,MFP11,90000,95000,100000,FY24-FY26,26,SOCOM AT&L,"Hull mods","Shipyard vendors",Development,5,3,5,5,3,Medium,4,ESTIMATE_ONLY_R1_PENDING,"SOF maritime integration."
SOCOM_BA5_002,MFP11_502,SOF Tactical Cloud Integration,DoD,SOCOM,SOF AT&L,BA5,C2_JADC2,Cyber,MFP11,80000,85000,90000,FY24-FY26,28,SOCOM AT&L,"Network integration","Cloud integrators",Development,5,2,7,5,4,Medium,4,ESTIMATE_ONLY_R1_PENDING,"Near-transition data environment."
DTRA_BA2_002,DTRA_202,Basic Physics for Nuclear Detection,DoD,DTRA,Nuclear Directorate,BA2,Foundational_Science,CBRNE,Title10;Title50,40000,42000,45000,FY24-FY26,15,DTRA Labs,"Basic physics","Academic support",Research,3,2,2,3,1,Low,3,ESTIMATE_ONLY_R1_PENDING,"Dual authority nuclear detection."
DTRA_BA3_002,DTRA_302,Radiological Sensing Prototypes,DoD,DTRA,Nuclear Directorate,BA3,Sensors,CBRNE,Title10;Title50,75000,80000,85000,FY24-FY26,28,DTRA Engineering,"Radiation sensors","Hardware vendors",Prototype,4,3,4,5,3,Medium,4,ESTIMATE_ONLY_R1_PENDING,"Prototype-heavy CBRNE line."
DTRA_BA4_002,DTRA_402,CWMD System Integration,DoD,DTRA,Systems Directorate,BA4,CBRNE,CBRNE,Title10;Title50,115000,125000,135000,FY24-FY26,36,DTRA Integrators,"SoS integration","Manufacturing primes",Development,5,3,6,5,4,Medium,5,ESTIMATE_ONLY_R1_PENDING,"DTRA BA4 transition stressor."
CBDP_BA2_002,CBDP_202,CB Agent Science & Modeling,DoD,CBDP,Science Directorate,BA2,CBRNE,CBRNE,Title10;Title50,55000,58000,60000,FY24-FY26,20,CBDP Labs,"Agent modeling","Special test labs",Research,4,2,2,4,2,Medium,3,ESTIMATE_ONLY_R1_PENDING,"CB basic science line."
CBDP_BA3_002,CBDP_302,CB Rapid Diagnostics,DoD,CBDP,Diagnostics Directorate,BA3,Biotechnology,CBRNE,Title10;Title50,85000,90000,95000,FY24-FY26,25,CBDP Diagnostics,"Assay design","Kit production",Prototype,4,3,4,5,3,Medium,4,ESTIMATE_ONLY_R1_PENDING,"Early-stage diagnostics."
CBDP_BA4_002,CBDP_402,Next-Gen Respiratory Protection,DoD,CBDP,Protection Directorate,BA4,CBRNE,CBRNE,Title10;Title50,120000,130000,140000,FY24-FY26,32,CBDP Protection,"PPE design; modeling","Manufacturers",Development,4,3,5,5,3,Medium,4,ESTIMATE_ONLY_R1_PENDING,"Protection systems ready for evaluation."
CBDP_BA5_002,CBDP_502,CB Defense Integrated Systems,DoD,CBDP,Systems Directorate,BA5,CBRNE,CBRNE,Title10;Title50,160000,170000,185000,FY24-FY26,38,CBDP Integration,"Systems engineering","Manufacturing primes",Development,5,3,6,5,4,Medium,5,ESTIMATE_ONLY_R1_PENDING,"CB SoS integration."
DHA_BA2_002,DHA_202,Military Infectious Disease Research,DoD,DHA,IDR Directorate,BA2,Biotechnology,Medical,Title10,60000,62000,65000,FY24-FY26,21,DHA Labs,"Disease modeling","Clinical partners",Research,3,2,3,4,2,Medium,3,ESTIMATE_ONLY_R1_PENDING,"Bio/medical foundational research."
DHA_BA3_002,DHA_302,Combat Dental & Maxillofacial Prototyping,DoD,DHA,Trauma Directorate,BA3,Medical,Medical,Title10,45000,48000,50000,FY24-FY26,16,DHA Labs,"Clinical prototyping","Medical device vendors",Prototype,3,3,4,5,2,Medium,4,ESTIMATE_ONLY_R1_PENDING,"Niche prototype line."
DHA_BA4_002,DHA_402,Medical Logistics Automation,DoD,DHA,MedLog Directorate,BA4,C2_JADC2,Medical,Title10,85000,90000,95000,FY24-FY26,24,DHA MedLog,"System integration","Cloud vendors",Development,4,3,5,5,3,Medium,4,ESTIMATE_ONLY_R1_PENDING,"Near-transition med sustainment."
DIU_BA3_002,DIU_302,Commercial Cyber Defense Tools,DoD,DIU,Cyber Portfolio,BA3,Cyber,Cyber,Title10,60000,63000,65000,FY24-FY26,15,DIU PMs,"Prototype evaluation","Vendor engineering",Prototype,4,3,4,4,2,Medium,4,ESTIMATE_ONLY_R1_PENDING,"DIU cyber prototyping."
DIU_BA3_003,DIU_303,Commercial Robotics & Automation,DoD,DIU,Autonomy Portfolio,BA3,Autonomy_UxS,NA,Title10,55000,58000,60000,FY24-FY26,14,DIU PMs,"Robot prototyping","Integration vendors",Prototype,4,3,4,4,2,Medium,4,ESTIMATE_ONLY_R1_PENDING,"DIU robotics evaluations."
DIU_BA3_004,DIU_304,DIU Energy Resilience Prototypes,DoD,DIU,Energy Portfolio,BA3,Energy,NA,Title10,48000,50000,52000,FY24-FY26,12,DIU PMs,"Pilot design","OEM vendors",Prototype,3,2,4,3,2,Medium,3,ESTIMATE_ONLY_R1_PENDING,"Commercial energy systems."
DARPA_BA2_001,0602203E,Quantum Science for Defense,DoD,DARPA,DSO,BA2,Foundational_Science,NA,Title10,130000,140000,150000,FY24-FY26,25,DARPA DSO,"Quantum theory; materials","Academic labs",Research,3,3,2,4,2,Low,4,R1_VERIFIED,"Quantum basic research."
DARPA_BA3_002,0603771E,Advanced AI/ML Prototyping,DoD,DARPA,AIO,BA3,AI_ML,ISR,Title10,200000,220000,240000,FY24-FY26,35,DARPA AIO,"AI design; experimentation","Cloud compute vendors",Prototype,5,4,5,5,3,Medium,5,ESTIMATE_ONLY_R1_PENDING,"AI integration prototype."
DARPA_BA4_001,0604762E,System of Systems Integration (SoSI),DoD,DARPA,STO,BA4,C2_JADC2,ISR,Title10,250000,270000,285000,FY24-FY26,50,DARPA STO,"Systems integration","Primes & integrators",Development,5,4,6,5,4,High,5,ESTIMATE_ONLY_R1_PENDING,"DARPA-to-Service SoSI stress case."
TBD_DTRA_ST_CWMD,,Foundational CWMD Science and Technology,DoD,DTRA,Research Directorate,BA2,CBRNE,MultiINT,Title10;Title50,50000,52000,54000,FY24-FY26,25,DTRA S&T,"CBRNE basic research","External academic research",Research,4,2,2,4,2,Medium,3,ESTIMATE_ONLY_R1_PENDING,"Template for DTRA basic/applied S&T."
TBD_DTRA_ST_CHEMBIO,,Chemical and Biological Threat Characterization,DoD,DTRA,CBRNE Directorate,BA2,CBRNE,CBRNE,Title10;Title50,45000,47000,49000,FY24-FY26,20,DTRA Chem/Bio Labs,"Agent modeling; assays","High-containment lab support",Research,3,2,3,4,2,Medium,3,ESTIMATE_ONLY_R1_PENDING,"Chem/bio threat characterization."
TBD_DTRA_ATD_NUCLEAR,,Nuclear Threat Reduction Technologies,DoD,DTRA,Nuclear Directorate,BA3,Nuclear,CBRNE,Title10;Title50,80000,85000,90000,FY24-FY26,30,DTRA Nuclear Directorate,"Physics modeling; system concepts","Hardware fabrication; specialized sensors",Prototype,4,3,4,5,3,Medium,4,ESTIMATE_ONLY_R1_PENDING,"Nuclear threat reduction applied R&D."
TBD_DTRA_DEV_CWMD_SYSTEMS,,CWMD Operational Systems Development,DoD,DTRA,Systems Directorate,BA4,CBRNE,CBRNE,Title10;Title50,110000,120000,130000,FY24-FY26,35,DTRA System Integrators,"Concept of ops; systems integration","System manufacturing",Development,4,3,6,5,3,Medium,4,ESTIMATE_ONLY_R1_PENDING,"Fieldable CWMD systems template."
TBD_DTRA_ATD_MODEL_SIM,,Modeling and Simulation for CWMD,DoD,DTRA,Modeling & Simulation Directorate,BA3,Analysis_Tools,MultiINT,Title10;Title50,65000,68000,71000,FY24-FY26,15,DTRA M&S Center,"Model development; V&V","HPC hosting",Prototype,4,2,3,4,3,Medium,4,ESTIMATE_ONLY_R1_PENDING,"FX tools and modeling line."
TBD_DTRA_ATD_SENSORS,,CBRNE Detection and Sensing Systems,DoD,DTRA,Sensors Directorate,BA3,Sensors,CBRNE,Title10;Title50,75000,80000,85000,FY24-FY26,20,DTRA Sensor Labs,"Sensor design; algorithm dev","Detector manufacturing",Prototype,4,3,4,5,3,Medium,4,ESTIMATE_ONLY_R1_PENDING,"Detection and sensor prototypes."
TBD_DTRA_BA6_TEST_RANGES,,CWMD Test Beds and Ranges,DoD,DTRA,Test Directorate,BA6,Test_Ranges,CBRNE,Title10;Title50,60000,63000,66000,FY24-FY26,18,DTRA Test Facilities,"Test design; facility ops","Range modernization",Ongoing,3,2,7,4,2,Medium,3,ESTIMATE_ONLY_R1_PENDING,"CWMD live-agent test infrastructure."
TBD_DTRA_PARTNER_CWMD,,Partner-Nation CWMD RDT&E,DoD,DTRA,International Directorate,BA3,Security_Cooperation,CBRNE,Title10;Title50,55000,58000,60000,FY24-FY26,10,DTRA Intl Programs,"Program management; training","Foreign labs; integration work",Prototype,3,3,3,4,3,Medium,3,ESTIMATE_ONLY_R1_PENDING,"Partner CWMD development line."
TBD_CBDP_BA2_BASIC_SCIENCE,,Basic and Applied Chemical/Biological Defense Science,DoD,CBDP,Science Directorate,BA2,Foundational_Science,CBRNE,Title10;Title50,60000,63000,66000,FY24-FY26,25,CBDP Labs,"CB defense basic research","External performers",Research,4,2,2,4,2,Medium,3,ESTIMATE_ONLY_R1_PENDING,"CBDP BA2 science template."
TBD_CBDP_BA2_AGENT_BEHAVIOR,,Threat Agent Behavior and Characterization,DoD,CBDP,Science Directorate,BA2,CBRNE,CBRNE,Title10;Title50,52000,55000,58000,FY24-FY26,18,CBDP Agent Behavior Lab,"Agent modeling; tests","Field trial support",Research,3,2,3,4,2,Medium,3,ESTIMATE_ONLY_R1_PENDING,"CBDP agent behavior line."
TBD_CBDP_BA3_DIAGNOSTICS,,CB Defense Diagnostics and Early Warning,DoD,CBDP,Diagnostics Directorate,BA3,Biotechnology,CBRNE,Title10;Title50,82000,86000,90000,FY24-FY26,20,CBDP Diagnostics Lab,"Assay design; sensor support","Commercial kit production",Prototype,4,3,4,5,3,Medium,4,ESTIMATE_ONLY_R1_PENDING,"Diagnostics development template."
TBD_CBDP_BA3_MCM,,Medical Countermeasure Technologies,DoD,CBDP,MCM Directorate,BA3,Biotechnology,CBRNE,Title10;Title50,88000,92000,96000,FY24-FY26,22,CBDP MCM Labs,"Pre-clinical; toxicity studies","Clinical trials",Prototype,4,3,3,5,3,Medium,4,ESTIMATE_ONLY_R1_PENDING,"MCM early-stage work."
TBD_CBDP_BA4_DETECTION_SYSTEMS,,CB Detection Systems Development,DoD,CBDP,Systems Directorate,BA4,Sensors,CBRNE,Title10;Title50,120000,130000,140000,FY24-FY26,28,CBDP Detection Systems,"System integration; field testing","Production & logistics",Development,5,3,5,5,3,Medium,4,ESTIMATE_ONLY_R1_PENDING,"Detection systems BA4 line."
TBD_CBDP_BA4_PROTECTION_SYSTEMS,,CB Protection Systems Development,DoD,CBDP,Protection Directorate,BA4,CBRNE,CBRNE,Title10;Title50,118000,125000,132000,FY24-FY26,24,CBDP Protection Directorate,"Requirements analysis; system design","Manufacture of PPE",Development,4,3,4,5,3,Medium,3,ESTIMATE_ONLY_R1_PENDING,"Protection systems template."
TBD_CBDP_BA4_INFO_SYSTEMS,,CB Information Systems and Decision Support Tools,DoD,CBDP,Modeling Directorate,BA4,Analysis_Tools,CBRNE,Title10;Title50,90000,95000,100000,FY24-FY26,16,CBDP Modeling Labs,"Tool design; modeling","IT hosting; UI dev",Development,4,3,4,4,3,Medium,4,ESTIMATE_ONLY_R1_PENDING,"CB decision support tools."
TBD_CBDP_BA4_FIELD_MEDICAL,,Field Medical Response Systems,DoD,CBDP,Medical Directorate,BA4,Medical,CBRNE,Title10;Title50,95000,100000,108000,FY24-FY26,20,CBDP Medical Directorate,"Med system design; doctrinal input","Manufacturing; certification",Development,4,3,5,5,3,Medium,4,ESTIMATE_ONLY_R1_PENDING,"Field medical systems template."
TBD_CBDP_BA5_ADV_SYSTEMS_DEV,,Advanced CB Defense Systems Development,DoD,CBDP,Systems Integration Directorate,BA5,CBRNE,CBRNE,Title10;Title50,150000,160000,175000,FY24-FY26,30,CBDP Integration Office,"SoS integration; transition planning","Production and fielding support",Development,5,4,6,5,4,Medium,5,ESTIMATE_ONLY_R1_PENDING,"BA5 advanced system integration."
TBD_CBDP_BA6_TEST,,CB Defense Test & Evaluation Infrastructure,DoD,CBDP,Test Directorate,BA6,Test_Ranges,CBRNE,Title10;Title50,70000,74000,78000,FY24-FY26,18,CBDP Test Facilities,"Test planning; facility ops","Facility modernization",Ongoing,3,2,7,4,2,Medium,3,ESTIMATE_ONLY_R1_PENDING,"CBDP T&E live-agent support."
TBD_SCO_BA3_CROSSDOMAIN,,Cross-Domain Convergence Prototyping,DoD,SCO,Prototype Directorate,BA3,Cross_Domain,ISR,Title10,90000,95000,100000,FY24-FY26,25,SCO PMO,"Concept development; SoS integration","Platform modifications",Prototype,4,3,4,5,3,Medium,5,ESTIMATE_ONLY_R1_PENDING,"SCO multi-domain prototypes."
TBD_SCO_BA3_AUTONOMY,,Autonomous Platform Modernization,DoD,SCO,Autonomy Directorate,BA3,Autonomy_UxS,ISR,Title10,85000,90000,95000,FY24-FY26,20,SCO Autonomy,"Autonomy kits; software","Vehicle integration",Prototype,4,3,4,5,3,Medium,4,ESTIMATE_ONLY_R1_PENDING,"Autonomy retrofits."
TBD_SCO_BA3_EWCYBER,,Electronic Warfare and Cyber-Augmented Lethality,DoD,SCO,EW/Cyber Directorate,BA3,EW,Cyber,Title10,82000,87000,92000,FY24-FY26,18,SCO EW/T&E,"EW concept dev; tool design","Hardware payload builds",Prototype,4,3,4,5,3,High,4,ESTIMATE_ONLY_R1_PENDING,"EW/cyber overlays."
TBD_SCO_BA3_MARITIME,,Maritime and Undersea Enhancement Prototyping,DoD,SCO,Maritime Directorate,BA3,Maritime_Warfare,ISR,Title10,80000,84000,88000,FY24-FY26,18,SCO Maritime,"Concept dev; payload integration","Hull mods; undersea vehicle builds",Prototype,4,3,4,5,3,Medium,4,ESTIMATE_ONLY_R1_PENDING,"Maritime SCO prototypes."
TBD_SCO_BA4_AIR_RAPID,,Air Systems Rapid Adaptation,DoD,SCO,Air Integration Directorate,BA4,Air_Dominance,ISR,Title10,115000,125000,135000,FY24-FY26,22,SCO Air Programs,"Aircraft integration; loadout design","Aviation mods",Development,4,3,5,5,3,Medium,4,ESTIMATE_ONLY_R1_PENDING,"Air-launched effects and similar."
TBD_SCO_BA4_GROUND,,Ground Systems Transformation,DoD,SCO,Ground Systems Directorate,BA4,Land_Warfare,ISR,Title10,120000,130000,140000,FY24-FY26,24,SCO Ground Office,"Concepts; integration","Vehicle kit production",Development,4,3,5,4,3,Medium,4,ESTIMATE_ONLY_R1_PENDING,"Ground SCO projects."
TBD_SCO_BA4_LRF,,Long-Range Fires Cross-Platform Development,DoD,SCO,Fires Directorate,BA4,Strike,ISR,Title10,130000,140000,150000,FY24-FY26,26,SCO Fires Directorate,"Concept dev; targeting","Launcher modifications",Development,5,4,5,5,4,Medium,5,ESTIMATE_ONLY_R1_PENDING,"Cross-platform long-range fires."
TBD_SCO_BA4_DECEPTION,,Deception and Operational Mimicry Systems,DoD,SCO,Strategic Effects Directorate,BA4,Deception,ISR,Title10,80000,85000,90000,FY24-FY26,15,SCO Effects Office,"Concept dev; design","Payload production",Development,4,3,4,4,3,Medium,4,ESTIMATE_ONLY_R1_PENDING,"Deception/mimicry lines."
TBD_SCO_BA5_SOSI,,Systems-of-Systems Integration,DoD,SCO,Integration Directorate,BA5,C2_JADC2,MultiINT,Title10,150000,165000,180000,FY24-FY26,30,SCO Integration Office,"SoS architecture; integration","Enterprise integration support",Development,5,4,6,5,4,High,5,ESTIMATE_ONLY_R1_PENDING,"Joint SoS integration."
TBD_SCO_BA5_TRANSITION,,Joint Transition and Field Experimentation,DoD,SCO,Transition Directorate,BA5,Transition,MultiINT,Title10,120000,130000,140000,FY24-FY26,22,SCO Joint Transition,"Experiment design; handoff","Service fielding support",Development,4,3,5,5,3,Medium,4,ESTIMATE_ONLY_R1_PENDING,"SCO-to-Service transition efforts."
TBD_DHA_BA2_BASIC_MEDSCI,,Military Medical Basic and Applied Research,DoD,DHA,Medical Research Directorate,BA2,Medical,Medical,Title10,60000,63000,66000,FY24-FY26,25,DHA MedSci Labs,"Basic med research","External academic labs",Research,3,2,2,4,1,Medium,3,ESTIMATE_ONLY_R1_PENDING,"Generic DHA med research line."
TBD_DHA_BA2_TRAUMA,,Injury and Trauma Medical Research,DoD,DHA,Trauma Research Directorate,BA2,Medical,Medical,Title10,58000,60000,63000,FY24-FY26,20,DHA Trauma Labs,"Trauma experiments","Clinical trial sites",Research,3,2,3,5,2,Medium,3,ESTIMATE_ONLY_R1_PENDING,"Trauma-focused RDT&E."
TBD_DHA_BA2_INFECTIOUS,,Infectious Disease and Biosurveillance S&T,DoD,DHA,Biosurveillance Directorate,BA2,Biotechnology,Medical,Title10,62000,64000,67000,FY24-FY26,18,DHA IDR Labs,"Disease modeling; assays","Field study partners",Research,3,2,3,4,2,Medium,3,ESTIMATE_ONLY_R1_PENDING,"Infectious disease research."
TBD_DHA_BA3_DIAGNOSTICS,,Medical Diagnostics and Early Detection Technologies,DoD,DHA,Diagnostics Directorate,BA3,Medical,Medical,Title10,72000,75000,78000,FY24-FY26,20,DHA Diagnostics Labs,"Device design; test dev","Device manufacturing",Prototype,4,3,4,5,2,Medium,4,ESTIMATE_ONLY_R1_PENDING,"Point-of-care diag prototypes."
TBD_DHA_BA3_FIELDCARE,,En Route Care and Expeditionary Medicine Prototyping,DoD,DHA,Field Care Directorate,BA3,Medical,Medical,Title10,68000,72000,75000,FY24-FY26,18,DHA Expeditionary Med,"Clinical protocols; kit design","Manufacturing",Prototype,4,3,4,5,2,Medium,4,ESTIMATE_ONLY_R1_PENDING,"Field/exfil care prototypes."
TBD_DHA_BA3_NEUROTRAUMA,,Neurotrauma and Burn Injury Prototyping,DoD,DHA,Combat Casualty Directorate,BA3,Medical,Medical,Title10,64000,67000,70000,FY24-FY26,16,DHA Casualty Care Labs,"Neuro/burn treatment protos","Clinical trial support",Prototype,4,3,3,5,2,Medium,4,ESTIMATE_ONLY_R1_PENDING,"Neurotrauma line."
TBD_DHA_BA4_MCM_DEV,,Medical Countermeasure Development,DoD,DHA,MCM Directorate,BA4,Biotechnology,Medical,Title10,90000,95000,100000,FY24-FY26,22,DHA MCM,"Translational work; dev","Regulatory & clinical trials",Development,4,3,4,5,3,Medium,4,ESTIMATE_ONLY_R1_PENDING,"DHA MCM dev."
TBD_DHA_BA4_MEDDEV,,Enhanced Medical Devices Development,DoD,DHA,Medical Devices Directorate,BA4,Medical,Medical,Title10,88000,92000,96000,FY24-FY26,20,DHA Device Labs,"Device engineering","Device production",Development,4,3,4,5,3,Medium,4,ESTIMATE_ONLY_R1_PENDING,"Medical devices dev."
TBD_DHA_BA5_MEDSYS,,Integrated Medical Systems Development,DoD,DHA,Integrated Systems Directorate,BA5,Medical,C2_JADC2,Title10,115000,125000,135000,FY24-FY26,24,DHA Integration Office,"SoS med system design","Enterprise integration",Development,5,4,5,5,3,Medium,5,ESTIMATE_ONLY_R1_PENDING,"Integrated med systems."
TBD_DHA_BA5_FIELDTEST,,Medical Readiness and Field Experimentation,DoD,DHA,Readiness Directorate,BA5,Medical,Medical,Title10,87000,92000,96000,FY24-FY26,18,DHA Field Experiments,"Field trials; readiness","Support contracts",Development,4,3,4,5,3,Medium,4,ESTIMATE_ONLY_R1_PENDING,"Med readiness/experiments."
TBD_DIU_CSOP,,Commercial Solutions Open Prototype Pipeline,DoD,DIU,DIU HQ,BA3,Commercial_Innovation,NA,Title10,70000,73000,76000,FY24-FY26,12,DIU Specialist Teams,"Tech scouting; vendor engagement","Prototype builds",Prototype,3,2,4,3,2,Medium,4,ESTIMATE_ONLY_R1_PENDING,"DIU CSOs portfolio."
TBD_DIU_AI,,DIU Rapid AI/ML Integration,DoD,DIU,AI Portfolio,BA3,AI_ML,NA,Title10,65000,68000,70000,FY24-FY26,10,DIU AI Teams,"Model design; evaluation","Cloud hosting; integration",Prototype,4,3,4,4,2,Medium,4,ESTIMATE_ONLY_R1_PENDING,"AI/ML prototypes for DoD."
TBD_DIU_ENERGY,,DIU Energy and Logistics Innovation,DoD,DIU,Energy Portfolio,BA3,Energy,NA,Title10,62000,65000,68000,FY24-FY26,8,DIU Energy Team,"Concept work; integration","Industrial partners",Prototype,3,2,4,3,2,Medium,3,ESTIMATE_ONLY_R1_PENDING,"Energy/logistics projects."
TBD_DIU_AUTONOMY,,DIU Autonomy and Emerging Systems,DoD,DIU,Autonomy Portfolio,BA3,Autonomy_UxS,ISR,Title10,64000,67000,70000,FY24-FY26,9,DIU Autonomy Team,"Concept dev; evaluation","Prototype vehicle builds",Prototype,4,3,4,4,3,Medium,4,ESTIMATE_ONLY_R1_PENDING,"Autonomy-focused CSOs."
TBD_DIU_CYBER,,DIU Cyber and Digital Modernization,DoD,DIU,Cyber Portfolio,BA3,Cyber,NA,Title10,63000,66000,69000,FY24-FY26,9,DIU Cyber Team,"Concepts; evaluation","Implementation partners",Prototype,4,3,4,4,2,Medium,4,ESTIMATE_ONLY_R1_PENDING,"Cyber & enterprise IT CSOs."
TBD_FFRDC_MITRE_SYSENG,,MITRE Enterprise Systems Engineering,DoD,FFRDC,MITRE,BA6,Systems_Engineering,NA,Title10,80000,83000,86000,FY24-FY26,40,MITRE,"Enterprise SE; analysis","Tool dev; HPC hosting",Ongoing,4,2,5,4,2,Medium,3,ESTIMATE_ONLY_R1_PENDING,"MITRE FFRDC SE support."
TBD_FFRDC_MITRE_CYBER,,MITRE Cybersecurity and Zero Trust Support,DoD,FFRDC,MITRE,BA6,Cyber,NA,Title10,65000,70000,74000,FY24-FY26,20,MITRE Cyber,"Architecture; threat analysis","Tool dev; implementation",Ongoing,4,3,4,4,2,Medium,3,ESTIMATE_ONLY_R1_PENDING,"Cyber & zero trust architecture."
TBD_UARC_APL_AWS,,APL Advanced Warfare Systems Engineering,DoD,UARC,Johns Hopkins APL,BA6,Systems_Engineering,ISR,Title10,90000,95000,100000,FY24-FY26,35,APL,"Mission analysis; SE","Prototype dev",Ongoing,5,3,4,5,2,Medium,4,ESTIMATE_ONLY_R1_PENDING,"JHU APL UARC warfare work."
TBD_UARC_APL_SPACE,,APL Space Systems and C3 Integration,DoD,UARC,Johns Hopkins APL,BA6,Space_Sensing,ISR,Title10,95000,100000,105000,FY24-FY26,30,APL Space Directorate,"Concept dev; space SE","Space hardware dev",Ongoing,5,3,4,5,3,Medium,4,ESTIMATE_ONLY_R1_PENDING,"APL space systems line."
TBD_FFRDC_LL_SENSORS,,MIT Lincoln Lab Air and Space Sensor Support,DoD,FFRDC,MIT Lincoln Laboratory,BA4,Sensors,ISR,Title10,90000,95000,100000,FY24-FY26,28,MIT LL,"Sensor prototyping; analysis","Prototype hardware manufacturing",Development,5,3,4,5,3,Medium,4,ESTIMATE_ONLY_R1_PENDING,"MIT LL sensor support."
TBD_FFRDC_LL_CYBER,,MIT Lincoln Lab Cyber and Spectrum Operations,DoD,FFRDC,MIT Lincoln Laboratory,BA4,EW,Cyber,Title10,88000,92000,96000,FY24-FY26,22,MIT LL,"EW/cyber R&D","Prototype payloads",Development,4,3,4,4,3,Medium,4,ESTIMATE_ONLY_R1_PENDING,"Cyber/spectrum ops RDT&E."
TBD_FFRDC_AERO_SPACE,,Aerospace Corp Space Systems Engineering,DoD,FFRDC,Aerospace Corporation,BA6,Space_Sensing,ISR,Title10,95000,100000,105000,FY24-FY26,30,Aerospace Corp,"Mission analysis; SE","Prototype and study support",Ongoing,5,3,4,5,3,Medium,4,ESTIMATE_ONLY_R1_PENDING,"Aerospace U.S. Space Force support."
TBD_UARC_MULTI,,Multi-Domain Research and Innovation,DoD,UARC,Generic UARC,BA2,Foundational_Science,NA,Title10,60000,63000,66000,FY24-FY26,20,UARC Labs,"Basic research; analysis","Small-scale prototypes",Research,3,2,2,4,1,Low,3,ESTIMATE_ONLY_R1_PENDING,"Generic UARC template."
NIP_CIA_001,CIA_201,Advanced HUMINT Collection Technologies,IC,CIA,DS&T,BA3,HUMINT,HUMINT,NIP,120000,130000,140000,FY24-FY26,40,CIA DS&T,"Sensor design; concealment engineering","Manufacturing; custom microelectronics",Prototype,4,3,4,5,3,Medium,4,ESTIMATE_ONLY_R1_PENDING,"CIA HUMINT tech modernization."
NIP_CIA_002,CIA_202,Next-Gen Covert Communications,IC,CIA,DS&T,BA4,C2_JADC2,HUMINT,NIP,150000,160000,175000,FY24-FY26,38,CIA DS&T,"Secure comms integration","Commercial chipset vendors",Development,5,3,6,5,4,Medium,5,ESTIMATE_ONLY_R1_PENDING,"Secure field comms modernization."
NIP_CIA_003,CIA_203,AI-Augmented Targeting Analytics,IC,CIA,Directorate of Analysis,BA3,AI_ML,MultiINT,NIP,95000,105000,115000,FY24-FY26,28,CIA DI,"AI model design","Cloud compute",Prototype,4,3,4,4,3,Medium,4,ESTIMATE_ONLY_R1_PENDING,"Analytic modernization via AI."
NIP_CIA_004,CIA_204,Human Terrain Sensing R&D,IC,CIA,DS&T,BA2,HUMINT,HUMINT,NIP,45000,50000,52000,FY24-FY26,20,CIA DS&T,"Behavioral science research","Academic partnerships",Research,3,2,2,3,1,Low,3,ESTIMATE_ONLY_R1_PENDING,"Foundational HUMINT S&T."
NIP_CIA_005,CIA_205,Clandestine Power Systems & Energy Harvesting,IC,CIA,DS&T,BA3,Energy,HUMINT,NIP,70000,76000,82000,FY24-FY26,22,CIA DS&T,"Prototype engineering","Fabrication shops",Prototype,4,3,4,4,2,Medium,4,ESTIMATE_ONLY_R1_PENDING,"Miniature energy systems."
NIP_NSA_001,NSA_301,Next-Gen Cryptanalytic Platform RDT&E,IC,NSA,Research Directorate,BA4,Cyber,SIGINT,NIP,250000,265000,280000,FY24-FY26,80,NSA R&D,"Algorithm development","HPC systems",Development,5,4,5,5,4,High,5,ESTIMATE_ONLY_R1_PENDING,"Core SIGINT modernization."
NIP_NSA_002,NSA_302,Zero-Trust Communications R&D,IC,NSA,Cybersecurity Directorate,BA3,Cyber,SIGINT,NIP,140000,150000,160000,FY24-FY26,45,NSA Cyber,"Crypto design","Cloud integration",Prototype,4,3,4,5,3,Medium,4,ESTIMATE_ONLY_R1_PENDING,"Secure comms at IC scale."
NIP_NSA_003,NSA_303,Signals Environment Modeling Tools,IC,NSA,Signals Intelligence Directorate,BA2,Analysis_Tools,SIGINT,NIP,55000,58000,61000,FY24-FY26,25,NSA Modeling,"Signals science","HPC access",Research,3,2,2,4,1,Low,3,ESTIMATE_ONLY_R1_PENDING,"Basic SIGINT modeling."
NIP_NSA_004,NSA_304,Quantum-Resistant Encryption Dev,IC,NSA,Cybersecurity Directorate,BA3,Cyber,SIGINT,NIP,180000,190000,200000,FY24-FY26,50,NSA Labs,"Crypto R&D","Vendor chips",Prototype,5,4,4,5,3,Medium,5,ESTIMATE_ONLY_R1_PENDING,"Quantum-era crypto."
NIP_NSA_005,NSA_305,SIGINT Edge Compute Nodes,IC,NSA,Signals Directorate,BA4,ISR,SIGINT,NIP,210000,225000,240000,FY24-FY26,62,NSA R&D,"System design","Fabrication",Development,5,3,5,5,3,Medium,4,ESTIMATE_ONLY_R1_PENDING,"Forward-deployed SIGINT nodes."
NIP_NGA_001,NGA_401,Next-Gen GEOINT Analytics,IC,NGA,Inno Directorate,BA4,GEOINT,GEOINT,NIP,170000,180000,190000,FY24-FY26,55,NGA Inno,"Imagery analysis","Cloud compute",Development,4,3,6,5,3,Medium,4,ESTIMATE_ONLY_R1_PENDING,"Automated GEOINT exploitation."
NIP_NGA_002,NGA_402,AI-Based Target Recognition,IC,NGA,AI Directorate,BA3,AI_ML,GEOINT,NIP,130000,140000,155000,FY24-FY26,32,NGA AI,"AI model training","GPU clusters",Prototype,4,3,4,5,2,Medium,4,ESTIMATE_ONLY_R1_PENDING,"ML-based geospatial detection."
NIP_NGA_003,NGA_403,Space-Based GEOINT Collection R&D,IC,NGA,Source Directorate,BA4,Space_Sensing,GEOINT,NIP,230000,240000,260000,FY24-FY26,60,NGA Source,"Sensor design","Prime contractors",Development,5,4,5,5,4,High,5,ESTIMATE_ONLY_R1_PENDING,"Space GEOINT capability."
NIP_NGA_004,NGA_404,Geospatial Data Fusion Algorithms,IC,NGA,Exploit Directorate,BA3,ISR,GEOINT,NIP,100000,115000,130000,FY24-FY26,28,NGA Exploit,"Algorithm dev","Cloud/HPC",Prototype,4,3,4,4,3,Medium,4,ESTIMATE_ONLY_R1_PENDING,"Multi-source geospatial fusion."
NIP_NGA_005,NGA_405,Advanced GEOINT Basic Science,IC,NGA,Research Directorate,BA2,Foundational_Science,GEOINT,NIP,45000,48000,52000,FY24-FY26,18,NGA Research,"Basic imagery science","University partnerships",Research,3,2,2,3,1,Low,3,ESTIMATE_ONLY_R1_PENDING,"Low TRL; long time horizon."
NIP_NRO_001,NRO_501,Space ISR Sensor Payload RDT&E,IC,NRO,NRO,BA4,Space_Sensing,ISR,NIP,300000,320000,350000,FY24-FY26,75,NRO Labs,"Payload design","Prime integrators",Development,5,4,5,5,4,High,5,ESTIMATE_ONLY_R1_PENDING,"High TRL but expensive transition."
NIP_NRO_002,NRO_502,Orbital Mission Planning Tools,IC,NRO,NRO,BA3,Analysis_Tools,ISR,NIP,110000,120000,135000,FY24-FY26,35,NRO SW Teams,"Mission modeling","Cloud compute",Prototype,4,3,4,4,3,Medium,4,ESTIMATE_ONLY_R1_PENDING,"High-centrality mission tools."
NIP_NRO_003,NRO_503,Next-Gen On-Orbit Data Compression,IC,NRO,NRO,BA3,AI_ML,ISR,NIP,95000,105000,115000,FY24-FY26,28,NRO Labs,"Model compression","Compute vendors",Prototype,4,3,4,4,2,Medium,4,ESTIMATE_ONLY_R1_PENDING,"Bandwidth-optimized ISR tech."
NIP_NRO_004,NRO_504,Satellite Control System Modernization,IC,NRO,NRO,BA5,C2_JADC2,ISR,NIP,200000,215000,230000,FY24-FY26,60,NRO Ground Segment,"System integration","Prime contractors",Development,5,3,6,5,4,Medium,5,ESTIMATE_ONLY_R1_PENDING,"Late-stage transition candidate."
NIP_NRO_005,NRO_505,Space Domain Awareness R&D,IC,NRO,NRO,BA3,Space_Sensing,ISR,NIP,150000,165000,180000,FY24-FY26,42,NRO,"Sensor R&D","Space vendors",Prototype,4,3,4,5,3,Medium,4,ESTIMATE_ONLY_R1_PENDING,"Critical SDA initiatives."
MIP_DIA_001,DIA_301,Defense HUMINT Tools R&D,DoD,DIA,Directorate of Science & Tech,BA3,HUMINT,HUMINT,MIP,85000,90000,95000,FY24-FY26,30,DIA DST,"Engineering","Fabrication",Prototype,4,3,4,5,3,Medium,4,ESTIMATE_ONLY_R1_PENDING,"DIA HUMINT modernization."
MIP_DIA_002,DIA_302,AI-Assisted All-Source Tools,DoD,DIA,Directorate for Analysis,BA4,AI_ML,MultiINT,MIP,115000,130000,145000,FY24-FY26,38,DIA Analysis,"Analytic modeling","Cloud vendors",Development,5,3,6,5,4,Medium,5,ESTIMATE_ONLY_R1_PENDING,"Analysis modernization."
MIP_DIA_003,DIA_303,Defense MASINT S&T,DoD,DIA,Defense MASINT Office,BA2,MASINT,MASINT,MIP,45000,50000,54000,FY24-FY26,22,DIA MASINT,"Basic MASINT research","University labs",Research,3,2,2,3,1,Low,3,ESTIMATE_ONLY_R1_PENDING,"Foundational MASINT."
MIP_DIA_004,DIA_304,Counterintelligence Tech RDT&E,DoD,DIA,CI Directorate,BA3,Deception,HUMINT,MIP,70000,76000,82000,FY24-FY26,26,DIA CI,"CI tool design","Integration",Prototype,4,3,4,5,3,Medium,4,ESTIMATE_ONLY_R1_PENDING,"Counterintelligence modernization."
MIP_DIA_005,DIA_305,Defense Global Data Platform,DoD,DIA,CIO/IT Directorate,BA5,C2_JADC2,MultiINT,MIP,160000,175000,190000,FY24-FY26,50,DIA CIO,"Platform design","Cloud integrators",Development,5,2,7,5,4,Medium,4,ESTIMATE_ONLY_R1_PENDING,"Late-stage transition risk."
MIP_USAF_INTEL_001,USAF_601,Distributed SIGINT Node RDT&E,DoD,Air Force,AFISRA,BA3,SIGINT,SIGINT,MIP,95000,105000,115000,FY24-FY26,32,AFISRA,"SIGINT integration","Hardware vendors",Prototype,4,3,4,5,3,Medium,4,ESTIMATE_ONLY_R1_PENDING,"AF ISR modernization."
MIP_USAF_INTEL_002,USAF_602,ISR Processing Modernization,DoD,Air Force,AFISRA,BA4,ISR,ISR,MIP,130000,140000,150000,FY24-FY26,48,AFISRA,"Integration","Cloud vendors",Development,5,3,6,5,3,Medium,4,ESTIMATE_ONLY_R1_PENDING,"Late-stage ISR transition."
MIP_USAF_INTEL_003,USAF_603,AF Target Development Tools,DoD,Air Force,AFISRA,BA3,Analysis_Tools,MultiINT,MIP,75000,80000,85000,FY24-FY26,28,AFISRA,"Analytic modeling","HPC integrators",Prototype,4,3,4,4,3,Medium,4,ESTIMATE_ONLY_R1_PENDING,"Target system modernization."
MIP_USAF_INTEL_004,USAF_604,Signals Geolocation Enhancements,DoD,Air Force,AFISRA,BA4,ISR,SIGINT,MIP,100000,110000,120000,FY24-FY26,45,AFISRA,"Algorithm dev","Platform integration",Development,5,3,6,5,3,Medium,4,ESTIMATE_ONLY_R1_PENDING,"Geolocation improvements."
MIP_USAF_INTEL_005,USAF_605,ISR Cloud Migration Engineering,DoD,Air Force,AFISRA,BA5,C2_JADC2,ISR,MIP,145000,160000,175000,FY24-FY26,50,AFISRA,"Cloud architecture","Integrators",Development,5,2,7,5,4,Medium,4,ESTIMATE_ONLY_R1_PENDING,"Late-stage ISR cloud migration."
MIP_USARMY_INTEL_001,USA_701,Army Tactical SIGINT Prototypes,DoD,Army,INSCOM,BA3,SIGINT,SIGINT,MIP,70000,76000,82000,FY24-FY26,26,INSCOM,"SIGINT systems","Vendors",Prototype,4,3,4,5,3,Medium,4,ESTIMATE_ONLY_R1_PENDING,"Army SIGINT kit."
MIP_USARMY_INTEL_002,USA_702,Ground ISR Modernization,DoD,Army,INSCOM,BA4,ISR,ISR,MIP,110000,125000,140000,FY24-FY26,42,INSCOM,"Integration","OEMs",Development,5,3,6,5,3,Medium,4,ESTIMATE_ONLY_R1_PENDING,"Army ISR upgrade."
MIP_USARMY_INTEL_003,USA_703,MASINT Counter-Artillery Tools,DoD,Army,INSCOM,BA3,MASINT,MASINT,MIP,65000,70000,75000,FY24-FY26,24,INSCOM,"MASINT dev","Manufacturers",Prototype,4,3,4,5,3,Medium,4,ESTIMATE_ONLY_R1_PENDING,"Counter-battery MASINT."
MIP_USARMY_INTEL_004,USA_704,Army All-Source Fusion Enhancements,DoD,Army,INSCOM,BA5,MultiINT,MultiINT,MIP,135000,150000,165000,FY24-FY26,54,INSCOM,"System design","Cloud integrators",Development,5,2,7,5,4,Medium,4,ESTIMATE_ONLY_R1_PENDING,"Near-transition data systems."
MIP_USARMY_INTEL_005,USA_705,Signals Collection Basic Research,DoD,Army,INSCOM,BA2,SIGINT,SIGINT,MIP,40000,43000,45000,FY24-FY26,18,INSCOM,"Basic SIGINT","Labs",Research,3,2,2,3,1,Low,3,ESTIMATE_ONLY_R1_PENDING,"Low TRL."
MIP_USNAVY_INTEL_001,USN_801,Maritime ISR Node Prototypes,DoD,Navy,ONI,BA3,Maritime_Warfare,ISR,MIP,90000,95000,100000,FY24-FY26,30,ONI,"Node design","Fabricators",Prototype,4,3,4,5,3,Medium,4,ESTIMATE_ONLY_R1_PENDING,"Maritime ISR prototypes."
MIP_USNAVY_INTEL_002,USN_802,Shipboard SIGINT Modernization,DoD,Navy,ONI,BA4,SIGINT,SIGINT,MIP,140000,150000,165000,FY24-FY26,50,ONI,"Integration","Prime",Development,5,3,6,5,3,Medium,4,ESTIMATE_ONLY_R1_PENDING,"Navy collection systems."
MIP_USNAVY_INTEL_003,USN_803,Undersea MASINT Tools,DoD,Navy,ONI,BA3,MASINT,MASINT,MIP,65000,70000,75000,FY24-FY26,24,ONI,"MASINT modeling","Vendors",Prototype,4,3,4,4,3,Medium,4,ESTIMATE_ONLY_R1_PENDING,"Undersea MASINT niche."
MIP_USNAVY_INTEL_004,USN_804,Naval All-Source Fusion,DoD,Navy,ONI,BA5,MultiINT,MultiINT,MIP,125000,135000,150000,FY24-FY26,40,ONI,"Fusion arch","Integrators",Development,5,2,7,5,4,Medium,4,ESTIMATE_ONLY_R1_PENDING,"Fleet intel modernization."
MIP_USNAVY_INTEL_005,USN_805,Naval SIGINT Basic Research,DoD,Navy,ONI,BA2,SIGINT,SIGINT,MIP,42000,45000,48000,FY24-FY26,18,ONI Labs,"Signals research","Labs",Research,3,2,2,3,1,Low,3,ESTIMATE_ONLY_R1_PENDING,"Low TRL Navy SIGINT."
DCSA_MIP_001,DCSA_101,Insider Threat Detection R&D,DoD,DCSA,Security Directorate,BA3,Analysis_Tools,HUMINT,MIP,55000,60000,64000,FY24-FY26,25,DCSA,"Behavior modeling","Cloud analytics",Prototype,4,3,4,4,3,Medium,4,ESTIMATE_ONLY_R1_PENDING,"Security modernization."
DCSA_MIP_002,DCSA_102,Cyber Vetting Tools RDT&E,DoD,DCSA,Cyber Directorate,BA4,Cyber,HUMINT,MIP,85000,90000,95000,FY24-FY26,32,DCSA,"Cyber assessment tools","IT services",Development,4,3,5,5,3,Medium,4,ESTIMATE_ONLY_R1_PENDING,"IC vetting modernization."
OSINT_IC_001,OSINT_201,Automated Open-Source Collection Tools,IC,Open-Source,OSIC,BA3,OSINT,MultiINT,NIP,55000,60000,65000,FY24-FY26,20,OSIC,"Data ingestion","Cloud compute",Prototype,4,2,4,3,2,Medium,4,ESTIMATE_ONLY_R1_PENDING,"OSINT modernization."
OSINT_IC_002,OSINT_202,OSINT Data Verification R&D,IC,Open-Source,OSIC,BA2,OSINT,MultiINT,NIP,30000,33000,35000,FY24-FY26,15,OSIC,"Method research","Academic partners",Research,3,2,2,2,1,Low,3,ESTIMATE_ONLY_R1_PENDING,"Verification science."
JOINT_JADC2_001,JS_901,Joint All-Domain C2 Testbed,DoD,Joint Staff,J6,BA4,C2_JADC2,MultiINT,Title10,185000,200000,215000,FY24-FY26,52,Joint JADC2 Lab,"Architecture design; integration planning","Enterprise IT integrators",Development,5,4,6,5,4,High,5,ESTIMATE_ONLY_R1_PENDING,"Joint reference testbed for JADC2 concepts."
JOINT_HYP_001,JS_902,Joint Hypersonics Integration Cell,DoD,Joint Staff,J8,BA5,Hypersonics,ISR,Title10,210000,225000,240000,FY24-FY26,48,Joint Hypersonics Cell,"Mission analysis; CONOPS","Prime integrators",Development,5,4,6,5,4,Medium,4,ESTIMATE_ONLY_R1_PENDING,"Coordinates service hypersonics transitions."
JOINT_CBRN_001,JS_903,Joint CBRN Decision Support Suite,DoD,Joint Staff,J3,BA4,CBRNE,CBRNE,Title10;Title50,90000,95000,100000,FY24-FY26,30,Joint CBRN Center,"Tool design; modeling","IT integrators",Development,4,3,5,5,3,Medium,4,ESTIMATE_ONLY_R1_PENDING,"Supports joint CBRN planning and ops."
JOINT_CYBER_001,JS_904,Joint Cyber Effects Modeling Lab,DoD,Joint Staff,J7,BA3,Cyber,Cyber,Title10,75000,80000,85000,FY24-FY26,26,Joint Cyber Lab,"Scenario design; model development","Cloud compute",Prototype,4,3,4,4,3,Medium,4,ESTIMATE_ONLY_R1_PENDING,"Supports cyber OPLAN development."
JOINT_INTEL_001,JS_905,Joint Multi-INT Experimentation,DoD,Joint Staff,J2,BA3,ISR,MultiINT,Title10;Title50,82000,87000,92000,FY24-FY26,28,Joint Intel Lab,"Multi-INT experiment design","IC labs",Prototype,4,3,4,5,3,Medium,4,ESTIMATE_ONLY_R1_PENDING,"Prototypes joint intel TTP and tools."
USSF_BA2_001,USSF_201,Space Sensor Physics Research,DoD,USSF,STARCOM,BA2,Space_Sensing,ISR,Title10,65000,68000,71000,FY24-FY26,22,USSF Lab,"Space sensing science","Academic consortia",Research,3,2,2,4,1,Low,3,ESTIMATE_ONLY_R1_PENDING,"Low-TRL space sensing for Space Force."
USSF_BA3_001,USSF_202,On-Orbit Servicing Prototypes,DoD,USSF,SSC,BA3,Space_Sensing,ISR,Title10,120000,130000,140000,FY24-FY26,34,SSC Prototyping,"Concept design; guidance","Spacecraft vendors",Prototype,4,3,4,5,3,Medium,4,ESTIMATE_ONLY_R1_PENDING,"On-orbit servicing as high-visibility transition candidate."
USSF_BA4_001,USSF_203,Space Battle Management Dev,DoD,USSF,SSC,BA4,C2_JADC2,ISR,Title10,190000,205000,220000,FY24-FY26,46,SSC BMC2,"System engineering; integration","Prime integrators",Development,5,4,6,5,4,High,5,ESTIMATE_ONLY_R1_PENDING,"Core battle management capability for ABM stress tests."
USSF_BA5_001,USSF_204,Space C2 Enterprise Fielding Prep,DoD,USSF,SSC,BA5,C2_JADC2,ISR,Title10,160000,175000,190000,FY24-FY26,40,SSC C2 Enterprise,"Fielding planning; test","Deployment support vendors",Development,5,3,7,5,4,Medium,4,ESTIMATE_ONLY_R1_PENDING,"Late-stage RDT&E→O&M transition line."
USSF_BA6_001,USSF_205,Space Test Range Modernization,DoD,USSF,STARCOM,BA6,Test_Ranges,ISR,Title10,90000,95000,100000,FY24-FY26,28,Space Test Center,"Range ops; instrumentation","Construction; range vendors",Ongoing,3,2,7,4,2,Medium,3,ESTIMATE_ONLY_R1_PENDING,"Enables multiple space transitions."
DOE_NNSA_001,NNSA_101,Nuclear Detection RDT&E,DOE,NNSA,Nuclear Security Enterprise,BA3,CBRNE,MASINT,Dual-Use,110000,120000,130000,FY24-FY26,36,NNSA Lab,"Detector design; modeling","OEM hardware",Prototype,4,3,4,5,3,Medium,4,ESTIMATE_ONLY_R1_PENDING,"Dual-use nuclear detection technology for DoD/IC users."
DOE_NNSA_002,NNSA_102,High-Energy Radiography Science,DOE,NNSA,Nuclear Security Enterprise,BA2,Foundational_Science,MASINT,Dual-Use,55000,58000,61000,FY24-FY26,20,NNSA Lab,"Physics research","University partners",Research,3,2,2,3,1,Low,3,ESTIMATE_ONLY_R1_PENDING,"Feeds future MASINT/CBRNE innovations."
DOE_NNSA_003,NNSA_103,Space-Nuclear Power Concepts,DOE,NNSA,Advanced Power Office,BA3,Energy,ISR,Dual-Use,85000,90000,95000,FY24-FY26,26,NNSA Engineering,"Concept design","Aerospace vendors",Prototype,4,3,3,4,2,Medium,4,ESTIMATE_ONLY_R1_PENDING,"Potential dual-use SDI/space ISR support."
DOE_NNSA_004,NNSA_104,Material Science for Survivable Sensors,DOE,NNSA,Nuclear Security Enterprise,BA2,Foundational_Science,MASINT,Dual-Use,60000,64000,67000,FY24-FY26,22,NNSA Lab,"Materials research","Specialty fabs",Research,3,2,2,4,1,Low,3,ESTIMATE_ONLY_R1_PENDING,"Feeds hardened ISR sensors."
DOE_NNSA_005,NNSA_105,High-Fidelity Nuclear Effects Modeling,DOE,NNSA,Nuclear Security Enterprise,BA3,Analysis_Tools,MASINT,Dual-Use,90000,95000,100000,FY24-FY26,28,NNSA Modeling Center,"Code dev; validation","HPC resources",Prototype,4,3,4,4,3,Medium,4,ESTIMATE_ONLY_R1_PENDING,"Modeling tools used by DoD/IC planners."
DHS_ST_001,DHS_201,Cyber-Physical Critical Infrastructure Lab,DHS,DHS S&T,Cyber-Physical Systems,BA3,Cyber,NA,Dual-Use,65000,70000,75000,FY24-FY26,24,DHS S&T Lab,"System modeling; red-teaming","Integration vendors",Prototype,4,3,4,4,3,Medium,4,ESTIMATE_ONLY_R1_PENDING,"Outputs transition into both DHS and DoD defensive programs."
DHS_ST_002,DHS_202,Border Surveillance Sensor RDT&E,DHS,DHS S&T,Border Security,BA3,Sensors,ISR,Dual-Use,80000,86000,90000,FY24-FY26,26,DHS S&T,"Sensor integration","OEM platforms",Prototype,4,3,4,5,3,Medium,4,ESTIMATE_ONLY_R1_PENDING,"Border ISR prototypes with DoD applicability."
DHS_ST_003,DHS_203,First Responder Comms Modernization,DHS,DHS S&T,First Responder,BA4,C2_JADC2,NA,Dual-Use,90000,95000,100000,FY24-FY26,30,DHS S&T,"Architecture design","Radio vendors",Development,4,3,5,4,3,Medium,4,ESTIMATE_ONLY_R1_PENDING,"Relevant to domestic support missions."
DHS_ST_004,DHS_204,CBRNE Environmental Sensing,DHS,DHS S&T,CBRNE Office,BA3,CBRNE,CBRNE,Dual-Use,70000,74000,78000,FY24-FY26,22,DHS CBRNE Lab,"Assay & sensor design","Equipment vendors",Prototype,4,3,3,4,2,Medium,4,ESTIMATE_ONLY_R1_PENDING,"CBRNE sensing for homeland & defense."
DHS_ST_005,DHS_205,AI-Based Threat Detection in Travel Streams,DHS,DHS S&T,Screening Office,BA3,AI_ML,MultiINT,Dual-Use,75000,78000,82000,FY24-FY26,24,DHS Analytics,"AI modeling","Cloud vendors",Prototype,4,3,4,3,2,Medium,4,ESTIMATE_ONLY_R1_PENDING,"Dual-use analytic modernization."
DARPA_TRANS_001,DARPA_T01,Service Transition Enablement Cell,DoD,DARPA,STO,BA5,Transition,MultiINT,Title10,65000,70000,75000,FY24-FY26,18,DARPA STO,"Transition planning","Service labs",Development,4,3,6,5,3,Medium,4,ESTIMATE_ONLY_R1_PENDING,"DARPA internal cell focused on mature handoff to Services."
DARPA_TRANS_002,DARPA_T02,Capability Portfolio Wargaming Tools,DoD,DARPA,TTO,BA3,Analysis_Tools,MultiINT,Title10,90000,95000,100000,FY24-FY26,26,DARPA TTO,"Tool design; scenario dev","Software vendors",Prototype,4,3,4,4,3,Medium,4,ESTIMATE_ONLY_R1_PENDING,"Informs which prototypes to advance."
DARPA_TRANS_003,DARPA_T03,Mission Engineering Integration Sandbox,DoD,DARPA,DSO,BA4,Cross_Domain,MultiINT,Title10,125000,135000,145000,FY24-FY26,34,DARPA DSO,"Mission engineering; integration","Service/COCOM partners",Development,5,4,5,5,4,High,5,ESTIMATE_ONLY_R1_PENDING,"Crucial ABM node; high centrality."
DARPA_TRANS_004,DARPA_T04,Operational Demo Campaigns,DoD,DARPA,Field Ops Office,BA5,Prototype,MultiINT,Title10,95000,100000,110000,FY24-FY26,30,DARPA Field Team,"Demo planning","Ranges; test contractors",Development,4,3,6,5,3,Medium,4,ESTIMATE_ONLY_R1_PENDING,"Key step before Service adoption."
DARPA_TRANS_005,DARPA_T05,Transition Metrics & Evidence Lab,DoD,DARPA,Strategic Tech Office,BA6,Analysis_Tools,NA,Title10,40000,45000,48000,FY24-FY26,16,DARPA Strategic,"Data science","Contract analytics",Ongoing,3,2,5,3,2,Medium,3,ESTIMATE_ONLY_R1_PENDING,"Internal analytics on transition success; useful ABM tuning anchor."
OUSD_ME_001,OUSD_ME01,Mission Engineering Campaigns,DoD,OUSD(R&E),Mission Engineering,BA4,Cross_Domain,MultiINT,Title10,115000,125000,135000,FY24-FY26,32,OUSD(R&E) ME Cell,"Mission analysis; SoS design","FFRDC/UARC support",Development,5,4,5,5,4,Medium,5,ESTIMATE_ONLY_R1_PENDING,"SoS-level integration node for ABM."
OUSD_ME_002,OUSD_ME02,Portfolio-Level Digital Twins,DoD,OUSD(R&E),Mission Engineering,BA3,Analysis_Tools,NA,Title10,85000,90000,95000,FY24-FY26,24,OUSD(R&E) ME Cell,"Model design","Tool developers",Prototype,4,3,4,4,3,Medium,4,ESTIMATE_ONLY_R1_PENDING,"Drives simulation of RDT&E portfolios."
OUSD_ME_003,OUSD_ME03,Integrated Campaign Experiment Design,DoD,OUSD(R&E),Mission Engineering,BA3,Cross_Domain,MultiINT,Title10,75000,80000,84000,FY24-FY26,22,OUSD(R&E) ME Cell,"Experiment design","Range support",Prototype,4,3,4,5,3,Medium,4,ESTIMATE_ONLY_R1_PENDING,"Feeds live experimentation and analysis."
OUSD_ME_004,OUSD_ME04,Campaign Data Infrastructure,DoD,OUSD(R&E),Mission Engineering,BA4,C2_JADC2,NA,Title10,95000,100000,110000,FY24-FY26,26,OUSD(R&E) ME Cell,"Data architecture","Cloud integrators",Development,4,3,5,4,3,Medium,4,ESTIMATE_ONLY_R1_PENDING,"Enterprise-level data spine."
OUSD_ME_005,OUSD_ME05,Mission Thread Library & Taxonomy,DoD,OUSD(R&E),Mission Engineering,BA2,Foundational_Science,NA,Title10,35000,38000,40000,FY24-FY26,14,OUSD(R&E) ME Cell,"Mission analysis","Consultant support",Research,3,2,2,3,1,Low,3,ESTIMATE_ONLY_R1_PENDING,"Foundational mission taxonomy; helps ABM structuring."
FFRDC_RAND_001,RAND_101,RAND Operational Gaming for RDT&E,DoD,FFRDC,RAND,BA6,Analysis_Tools,NA,Title10,45000,48000,50000,FY24-FY26,18,RAND,"Study design; wargaming","Tool vendors",Ongoing,3,2,4,3,2,Low,3,ESTIMATE_ONLY_R1_PENDING,"Supports evaluation of RDT&E alternatives."
FFRDC_RAND_002,RAND_102,RAND Force Planning Models,DoD,FFRDC,RAND,BA6,Analysis_Tools,NA,Title10,50000,52000,54000,FY24-FY26,20,RAND,"Model dev","HPC hosts",Ongoing,3,2,5,4,2,Low,3,ESTIMATE_ONLY_R1_PENDING,"Strategic-level modeling; informs prioritization."
FFRDC_SEI_001,SEI_201,Software Engineering Transition Patterns,DoD,FFRDC,Carnegie Mellon SEI,BA6,Analysis_Tools,NA,Title10,60000,63000,65000,FY24-FY26,22,SEI,"Software engineering research","Industry partners",Ongoing,4,2,4,4,2,Medium,3,ESTIMATE_ONLY_R1_PENDING,"SE best practices for transitions."
FFRDC_SEI_002,SEI_202,DevSecOps Reference Architectures,DoD,FFRDC,Carnegie Mellon SEI,BA6,Cyber,NA,Title10,55000,58000,60000,FY24-FY26,20,SEI,"Architecture research","Cloud providers",Ongoing,4,2,4,4,2,Medium,3,ESTIMATE_ONLY_R1_PENDING,"Patterns for secure software deployment."
FFRDC_IDA_001,IDA_301,IDA Portfolio Analysis for RDT&E,DoD,FFRDC,IDA,BA6,Analysis_Tools,NA,Title10,48000,50000,52000,FY24-FY26,18,IDA,"Quant analysis","Tool dev",Ongoing,3,2,4,3,1,Low,3,ESTIMATE_ONLY_R1_PENDING,"Supports senior decision makers on RDT&E mix."
COCOM_EUCOM_001,EUCOM_101,Theater ISR Integration Experiments,DoD,USEUCOM,J2/J3,BA4,ISR,MultiINT,Title10,85000,90000,96000,FY24-FY26,30,EUCOM J2/J3,"Experiment design; integration","Service ISR components",Development,4,3,5,5,3,Medium,4,ESTIMATE_ONLY_R1_PENDING,"Regional tailoring line; good ABM hook for geographic context."
COCOM_PACOM_001,INDOPACOM_101,Maritime ISR Campaign RDT&E,DoD,INDOPACOM,J2/J3,BA4,Maritime_Warfare,ISR,Title10,110000,120000,130000,FY24-FY26,34,INDOPACOM,"Campaign design","Fleet units; intel centers",Development,5,3,5,5,3,Medium,4,ESTIMATE_ONLY_R1_PENDING,"Supports Indo-Pacific experimentation."
COCOM_CENTCOM_001,CENTCOM_101,Desert ISR Concept Development,DoD,CENTCOM,J2,BA3,ISR,MultiINT,Title10,65000,68000,70000,FY24-FY26,24,CENTCOM,"Concept design","IC/Service partners",Prototype,4,3,4,4,3,Medium,4,ESTIMATE_ONLY_R1_PENDING,"Environment-specific RDT&E."
COCOM_NORTHCOM_001,NORTHCOM_101,Homeland Defense Sensor Fusion,DoD,NORTHCOM,J2,BA4,ISR,MultiINT,Title10;Title50,90000,95000,100000,FY24-FY26,28,NORTHCOM,"Architecture design","NORAD; IC partners",Development,5,3,5,5,4,Medium,4,ESTIMATE_ONLY_R1_PENDING,"Joint homeland defense node."
COCOM_SOUTHCOM_001,SOUTHCOM_101,Illicit Trafficking ISR Experiments,DoD,SOUTHCOM,J2,BA3,ISR,MultiINT,Title10,60000,63000,65000,FY24-FY26,22,SOUTHCOM,"Campaign design","Partner nations",Prototype,3,3,4,4,3,Medium,3,ESTIMATE_ONLY_R1_PENDING,"Selected to represent irregular mission space."
IC_FBI_001,FBI_401,Domestic Threat Intelligence Tools,IC,FBI,National Security Branch,BA3,Analysis_Tools,MultiINT,Title50,65000,70000,74000,FY24-FY26,26,FBI NSB,"Tool design","Integrators",Prototype,4,3,4,3,2,Medium,4,ESTIMATE_ONLY_R1_PENDING,"Not strictly DoD, but interacts with joint threat picture."
IC_TREAS_001,TREAS_501,Illicit Finance Network Analytics,IC,Treasury,FinCEN,BA3,Analysis_Tools,MultiINT,Title50,55000,60000,65000,FY24-FY26,22,FinCEN,"Model dev","Cloud/HPC",Prototype,4,3,4,3,2,Medium,4,ESTIMATE_ONLY_R1_PENDING,"Financial intel line with national security tie."
IC_CGINT_001,CGI_201,Maritime Domain Awareness RDT&E,DHS,Coast Guard Intelligence,CGI,BA3,Maritime_Warfare,ISR,Title10;Title50,65000,68000,72000,FY24-FY26,24,CGI,"Sensor integration","Industry partners",Prototype,4,3,4,4,3,Medium,4,ESTIMATE_ONLY_R1_PENDING,"Bridges homeland and defense maritime missions."
IC_ODNI_001,ODNI_601,IC-Wide Data Standards R&D,IC,ODNI,IC CIO,BA6,C2_JADC2,NA,NIP,45000,48000,50000,FY24-FY26,18,ODNI,"Data standards","FFRDC support",Ongoing,4,2,5,4,2,Medium,3,ESTIMATE_ONLY_R1_PENDING,"Backbone for data-level interoperability."
IC_ODNI_002,ODNI_602,IC Cloud Reference Architecture,IC,ODNI,IC CIO,BA5,C2_JADC2,NA,NIP,95000,100000,105000,FY24-FY26,24,ODNI,"Cloud arch design","Cloud vendors",Development,5,3,6,4,3,Medium,4,ESTIMATE_ONLY_R1_PENDING,"Enables multi-agency transitions at infra layer."
